Geneid,0P1,0P2,0P3,20P1,20P2,20P3,8P1,8P2,8P3
1-Oct,1061,1013,1055,947,1049,858,1158,916,958
15S_RRNA,8,21,38,28,14,18,28,30,28
21S_RRNA,152,198,112,71,217,172,221,381,209
24-May,202,107,73,357,336,233,556,271,478
AAC1,3477,3310,2905,13837,12385,12110,16740,14216,13270
AAC3,210,283,248,38,116,95,87,149,131
AAD10,4915,4862,4065,9397,9968,9213,14807,12079,10678
AAD14,2190,2010,1883,2664,2759,2106,3021,2585,2351
AAD15,558,804,536,596,558,404,646,534,407
AAD3,4134,3892,3338,2470,2313,1801,2784,1967,1904
AAD4,3473,3915,3302,3729,4009,3399,6948,6323,5671
AAD6,5422,5198,5135,4311,4548,3564,6523,5681,5405
AAH1,2671,2066,1643,1952,2126,1667,2118,1717,1545
AAP1,2127,2470,1967,2151,2014,1940,2644,2483,2218
AAR2,211,201,247,356,414,339,461,243,433
AAT1,1402,987,685,1615,1525,1392,2462,2004,1900
AAT2,6133,5985,5982,5287,5210,4523,7102,6142,5592
ABD1,2649,2861,2648,2159,2333,1561,2638,2740,2072
ABF1,1362,1211,1166,601,724,657,859,732,678
ABF2,2217,2795,2178,1856,2525,2088,2536,2279,2224
ABM1,69,104,28,213,160,213,280,187,230
ABP1,3563,4115,3628,2278,2185,2098,3622,3153,2823
ABP140,1456,1503,1220,412,569,469,657,576,735
ABZ1,2878,2521,2044,2363,2151,1917,3323,3035,3108
ABZ2,992,1034,991,913,1016,771,1073,962,907
ACA1,873,710,540,721,933,721,876,798,698
ACB1,11141,11693,10778,4155,5359,4542,5058,5342,4701
ACC1,14469,14791,14725,7820,9240,7939,9129,8436,7317
ACE2,949,617,700,679,770,657,1064,795,676
ACF2,1482,1182,1041,1496,1533,1060,2005,1837,1622
ACF4,379,439,302,352,434,359,701,525,622
ACH1,4125,3707,3645,13339,12181,10267,23552,17912,19412
ACK1,1356,1081,883,1149,1150,882,1606,1270,1202
ACL4,1908,1925,1554,1090,1232,1018,1264,1092,944
ACM1,422,646,394,43,129,97,175,158,114
ACO1,15191,16725,16080,12464,14397,11434,16943,14080,13241
ACO2,2705,3000,2816,2031,2012,1612,3217,2270,2520
ACP1,4752,5501,4403,3652,3845,3729,4861,4099,3498
ACS1,3079,2400,2541,39009,41174,36130,51793,42273,42116
ACS2,1751,1457,1189,1160,945,763,1369,1083,1212
ACT1,19622,21873,20152,10615,11813,9810,14160,12831,11296
ADA2,496,394,264,279,296,237,659,499,570
ADD37,326,267,231,188,274,187,426,274,327
ADD66,480,537,410,431,497,541,633,557,414
ADE1,1441,1265,1127,2164,2209,1874,2250,1713,1810
ADE12,2406,2279,1908,1503,1913,1673,2273,1741,1562
ADE13,2522,2091,1758,2039,2014,2009,2754,2138,1961
ADE16,4232,3916,3697,7679,8065,7095,11727,8771,9237
ADE17,1049,845,694,1939,2571,1838,2102,1628,1615
ADE2,1087,1553,1078,1633,1712,1682,1980,1859,1886
ADE3,9994,8580,7824,10087,10516,8544,16461,12572,12731
ADE4,2983,3246,2354,2383,2733,2483,2274,2218,1879
"ADE5,7",5521,4617,4486,6263,6647,5484,8431,6392,6634
ADE6,8414,9098,8286,4513,5133,4918,5630,5208,4571
ADE8,3588,4649,3640,6873,8174,7359,10846,9812,8577
ADF1,0,0,0,0,0,0,0,0,0
ADH1,138194,167304,161128,69995,71773,64638,83599,85488,67824
ADH2,13701,13367,12377,176945,210610,197669,219323,207946,180662
ADH3,9131,11081,9702,8392,9198,7930,14240,14223,11643
ADH4,4040,3848,2911,3544,3904,2807,4321,3541,3382
ADH5,2155,2300,2092,1847,2474,2231,2796,2389,2171
ADH6,33908,39202,37696,5471,5943,5061,8272,8575,6857
ADH7,433,308,233,935,793,607,1264,465,691
ADI1,628,641,375,803,1276,1225,1806,1300,1211
ADK1,8942,11474,10262,2967,3340,2936,4067,3931,3264
ADK2,381,325,336,290,499,437,722,605,539
ADO1,9868,10246,8888,7335,7802,6363,10553,8665,8690
ADP1,5457,6069,5288,5147,5987,5219,7447,6592,5863
ADR1,1752,1494,1135,2633,2465,2221,3401,1743,2380
ADY2,2742,2250,1889,53476,65105,59278,51722,43982,36943
ADY3,1229,1088,951,1086,1090,826,1204,953,994
ADY4,2392,2421,2089,1460,1976,1482,1925,1631,1610
AEP1,3107,3065,2466,3255,3636,2847,3915,3211,2754
AEP2,2576,2429,2327,1544,1278,1215,1858,1781,1542
AEP3,540,324,361,1163,1208,1035,2348,1639,1766
AFB1,2354,2151,2026,523,689,708,634,633,658
AFG1,13382,13769,12484,7085,6907,6128,9839,8204,7590
AFG2,2865,2818,2192,1554,1543,1427,1924,1531,1566
AFG3,2634,2257,1802,2254,2386,1979,2915,2347,2202
AFI1,722,791,622,702,857,578,1125,719,812
AFR1,1560,1596,1222,2984,2778,2455,3742,2803,2812
AFT1,437,540,338,396,571,595,1333,700,1050
AFT2,240,263,210,833,1024,778,1398,1037,874
AGA1,387,191,167,227,306,249,498,275,365
AGA2,32,0,30,19,14,5,19,29,10
AGC1,1744,1441,1630,1316,1578,1358,1788,1588,1354
AGE1,836,437,446,753,791,593,1194,694,749
AGE2,292,395,378,319,363,389,530,534,387
AGP1,11640,13350,11983,4790,5808,5289,5359,4324,4052
AGP2,507,263,323,1710,1401,1307,3024,1692,2047
AGP3,1188,813,604,1533,1671,1249,2203,1265,1648
AGX1,5136,3881,2891,11168,11024,9717,13120,10493,10056
AHA1,6382,7351,7189,11706,11707,9727,13204,11015,10513
AHC1,993,521,472,2219,1919,1848,3064,1694,2213
AHC2,1558,1780,1453,3166,3149,2617,3655,3068,3312
AHK1,1699,2200,1630,1171,957,879,1326,1112,826
AHP1,7396,7590,6769,7023,8423,7748,9828,8314,8032
AHT1,191,80,114,161,87,97,142,105,68
AI1,346,351,218,115,147,239,316,356,266
AI2,127,66,83,42,65,34,152,101,83
AI3,0,0,0,0,2,0,0,8,0
AI4,15,0,0,0,1,7,4,0,0
AI5_ALPHA,0,0,0,0,0,0,0,0,0
AI5_BETA,0,0,8,0,0,0,0,0,0
AIF1,2147,2406,2160,1823,2013,1598,3033,2716,2329
AIM10,579,947,820,558,732,507,708,621,532
AIM11,367,393,343,495,552,386,682,491,499
AIM14,727,704,872,1062,1205,1199,1932,1425,1558
AIM17,822,733,484,6001,6159,4850,11023,7172,7918
AIM18,571,443,510,1114,1247,1040,1764,1189,1321
AIM19,2064,2128,1725,4809,5421,4802,4487,4405,3876
AIM2,3257,3326,2730,3371,3586,3277,4360,4147,3545
AIM20,795,1169,995,541,822,665,846,799,599
AIM21,2582,2464,2460,2749,2180,2286,3968,3738,3210
AIM22,705,573,723,663,472,379,505,567,383
AIM23,547,584,404,583,564,401,611,450,445
AIM24,1028,914,930,691,814,656,1299,1002,948
AIM25,1819,1818,2120,1351,1535,1282,1812,1687,1387
AIM26,604,788,674,438,429,347,732,663,714
AIM29,1240,1039,1136,758,982,867,853,787,647
AIM3,1475,1518,1065,1379,1313,1275,1867,1703,1446
AIM32,1107,1216,1098,555,821,635,1061,1047,752
AIM33,1816,1464,1438,685,927,763,1264,1209,967
AIM34,382,338,289,160,191,157,253,263,230
AIM36,2047,2325,2377,826,1175,982,1633,1552,1245
AIM39,1412,1737,1977,964,1306,1242,1662,1374,1292
AIM4,239,176,143,247,314,239,220,252,259
AIM41,1085,994,751,1787,2770,2218,1967,1564,1747
AIM44,1242,1241,1201,872,751,634,1061,881,892
AIM45,6223,5565,4876,3651,4283,3709,5299,4472,4041
AIM46,9360,8523,6440,12541,12802,11419,18278,13936,13631
AIM6,1636,1637,1574,2622,2154,1848,3353,2860,2555
AIM7,1992,2070,1786,1097,1445,1311,1662,1552,1291
AIM9,988,1187,985,1174,1270,1099,1696,1361,1471
AIP1,1795,1645,1882,2202,2688,2210,4199,2436,2993
AIP5,2584,2281,2232,855,836,890,1508,1248,1161
AIR1,365,185,165,351,293,218,403,225,238
AIR2,451,510,488,580,601,512,1017,840,757
AKL1,2393,2296,1907,3091,3487,2693,4989,3449,3773
AKR1,5473,4361,3198,8164,7789,6287,10196,7561,8026
AKR2,2026,2038,1898,2698,2706,2533,2741,2502,2273
ALA1,7389,8190,7466,5186,5122,5073,5184,4824,3972
ALB1,2291,2414,2704,684,692,749,611,682,626
ALD2,3627,3267,3147,5507,5908,4826,6346,5628,4806
ALD3,3872,2957,2722,7825,9183,7529,9087,8665,7381
ALD4,6537,4985,4498,50180,53334,47687,58940,45353,45043
ALD5,1068,723,577,1305,1082,1030,1649,1390,1173
ALD6,7218,7077,6212,12050,11630,11092,14420,12609,12362
ALE1,4540,4844,4106,3024,3094,2503,3548,3070,2717
ALF1,1832,2540,2097,1283,1337,1318,1304,1270,1015
ALG1,2112,2305,2231,1636,1590,1303,1806,1799,1545
ALG11,3907,4755,4199,2340,2729,2629,2915,3177,2805
ALG12,590,619,412,366,467,433,506,223,345
ALG13,588,592,836,498,648,600,847,670,600
ALG14,1858,2321,2093,1583,1278,1065,1530,1410,1263
ALG2,2102,2305,1701,800,817,902,1262,1099,759
ALG3,3596,3272,2688,2472,2458,1952,3224,2305,2712
ALG5,1543,1692,1660,357,380,473,581,680,472
ALG6,3694,3348,2766,5249,5197,3757,4592,3527,3827
ALG7,1931,2098,1853,961,1399,1110,1264,1154,995
ALG8,1112,1139,878,571,835,634,811,645,575
ALG9,1472,1035,787,1502,1720,1661,1828,1437,1380
ALK1,2393,2457,2117,1863,2235,1616,2480,1729,1887
ALK2,1472,1371,1315,510,825,764,868,631,480
ALO1,2584,2244,2449,2147,2233,2061,2844,2005,2149
ALP1,1086,1053,859,12788,14288,12094,11724,9590,8267
ALR1,1421,1255,937,3551,3014,2741,5506,3475,4411
ALR2,2333,1809,1696,2930,2770,2454,4049,2731,3157
ALT1,4306,5411,4288,3719,3742,3321,5694,5106,4272
ALT2,3036,4183,3176,18371,17925,15050,11767,11414,9623
ALY1,995,902,755,1043,1392,1319,1911,1331,1349
ALY2,2346,2579,2507,2620,3199,2518,3114,2600,2452
AMA1,101,36,67,178,116,116,210,179,91
AMD1,1314,1279,1232,2162,2332,1934,3858,2830,2758
AMD2,1830,1785,1815,1498,2323,1743,2615,1975,1878
AME1,579,516,663,463,607,501,733,765,633
AMF1,514,271,300,948,886,752,1269,633,880
AMN1,7935,6977,5710,5301,5248,3838,6100,4658,5026
AMS1,1353,1125,1092,3418,4467,4003,4195,3155,3176
ANB1,69,52,30,145,104,75,112,146,162
ANP1,1112,757,697,1315,1416,1555,2976,1392,2403
ANR2,297,203,368,324,373,364,519,441,410
ANS1,24,9,29,82,111,178,41,47,29
ANT1,1509,1327,1415,1359,1741,1502,1612,1186,1276
ANY1,1550,1123,817,1324,1119,1164,1728,1333,1108
AOS1,165,130,182,171,166,142,225,189,211
APA1,2657,3293,2662,1487,1978,1677,1993,1683,1534
APA2,6596,6417,5369,10154,11061,9919,12540,11382,10264
APC1,1442,1109,892,780,963,754,1709,1223,1047
APC11,765,777,957,289,337,320,461,398,301
APC2,1130,1028,1179,1149,1308,1243,1781,1313,1160
APC4,758,755,755,602,743,551,1007,868,867
APC5,1467,1828,1751,492,659,544,1139,1151,1077
APC9,299,337,481,563,565,612,695,864,531
APD1,6676,6498,6268,5052,5039,4113,6989,6308,5614
APE1,1400,1084,1088,2237,2039,1742,2939,1869,2374
APE2,5049,4771,4430,6769,7635,6297,9751,7626,7342
APE3,2944,2225,1809,6153,6082,4678,6838,4115,5129
APE4,3869,3111,2433,6972,7316,6365,8379,6145,6976
API2,101,95,16,47,109,93,312,172,205
APJ1,3815,3533,3205,5588,6358,5858,9087,6930,6853
APL1,3109,2707,2608,1550,1742,1568,2337,1837,1902
APL2,3084,3629,2917,1687,2453,2010,2630,2468,1897
APL3,1118,1075,1105,822,925,874,1143,799,928
APL4,1293,1512,1235,1538,1611,1278,2440,1693,1811
APL5,1895,2325,1753,685,815,874,1305,1069,1241
APL6,2539,2312,2632,1402,1207,1075,1614,1538,1382
APM1,1152,953,711,729,927,788,1268,1065,859
APM2,1750,1335,995,1425,1206,1360,2485,1716,1863
APM3,1134,1305,1189,601,621,459,774,637,526
APM4,4427,5250,4107,2653,3245,2760,4059,3315,3443
APN1,1395,1577,1806,1047,733,776,969,935,697
APN2,1364,1248,1333,1375,1443,1033,1674,1428,1268
APP1,2672,2551,1902,4126,3697,3108,4749,4126,4042
APQ12,728,800,693,353,287,315,333,459,272
APS1,1003,765,1262,644,655,486,723,505,500
APS2,1653,1837,1782,1298,1589,1109,1530,1860,1505
APS3,788,638,534,342,508,302,782,626,556
APT1,4666,4857,4129,1656,1816,1459,1942,1842,1498
APT2,1714,1278,1112,2229,2185,2098,2116,1757,1464
AQR1,1763,1635,1408,323,506,414,388,281,312
AQY1,1982,1289,1047,6318,6477,5399,5212,3973,4200
AQY2,241,204,136,320,272,292,572,318,450
AQY3,5216,4751,3852,5094,5072,4565,8520,6626,7439
ARA1,3051,3763,2721,11145,11563,10057,15933,12840,13848
ARA2,1766,1613,1308,3238,3548,2834,4232,3757,3279
ARB1,6235,6440,6516,4670,4501,4459,4996,3893,3098
ARC1,3082,2970,2937,2629,2600,2170,2864,2495,2137
ARC15,2433,3344,2999,2397,2866,2672,3316,3029,2473
ARC18,1284,1661,1197,1997,1745,1479,1763,1661,1462
ARC19,3249,4144,3501,2724,2841,2252,2839,2942,2489
ARC35,1418,1311,1319,2987,2282,1907,4385,2961,3633
ARC40,7485,8142,6116,8728,9002,7440,12826,9872,9524
ARD1,3214,3156,3247,779,1058,1245,1184,1015,983
ARE1,2590,1196,852,4416,4000,3754,6810,3251,4902
ARE2,655,752,759,1765,1640,1138,1849,1830,1602
ARF1,13062,15353,13526,2411,2713,2391,2967,2842,2185
ARF2,15710,18705,18860,11964,13539,11787,13874,14353,11681
ARF3,611,603,560,283,394,327,489,394,362
ARG1,2762,2209,1772,2742,2983,2610,3887,2900,3307
ARG2,896,1105,1018,1141,1004,772,1129,1231,809
ARG3,264,210,218,2100,2199,1852,3321,3406,2283
ARG4,3249,3569,3557,2800,2547,2111,3707,2981,2927
"ARG5,6",3274,2923,2880,5956,6355,5776,7214,5619,5723
ARG7,2277,2319,2124,2263,2470,2212,3095,2205,2516
ARG8,4275,4568,4772,2756,2742,2258,3048,2940,2644
ARG80,1442,1387,1131,2275,2270,1995,3309,2749,2641
ARG81,4122,4200,3037,2557,2501,2150,3805,3274,3087
ARG82,733,799,584,899,964,922,1212,1171,1041
ARH1,2607,2449,2136,2620,3014,2536,3576,2918,3260
ARI1,470,495,370,294,320,218,807,568,517
ARK1,2995,2542,2121,1558,1878,1834,2602,2395,2092
ARL1,1522,1714,1871,818,762,642,1071,894,718
ARL3,774,1058,1029,418,385,383,394,480,381
ARN1,3410,2675,2596,5469,5684,4877,5854,4149,4501
ARN2,6059,6129,5373,11400,12308,10567,12810,10565,10104
ARO1,5879,5018,4507,3699,4760,3880,5479,4543,3822
ARO10,6849,6081,5722,20738,24887,22528,15368,11509,11638
ARO2,1320,1683,1028,1531,1507,1284,1895,1181,1520
ARO3,1967,2448,2038,2328,2482,2097,3224,2959,3008
ARO4,3540,4406,4251,1714,2086,1813,1946,2063,1773
ARO7,595,565,495,208,278,291,422,372,208
ARO8,5380,5850,5281,3659,3687,2758,5692,5258,4890
ARO80,1011,1122,1058,1481,2011,1812,2199,1654,1516
ARO9,8808,8812,8099,25158,26034,22873,21434,16950,17028
ARP1,525,474,504,302,383,312,826,499,557
ARP10,118,142,156,50,152,149,271,130,138
ARP2,3003,3879,2844,3393,2991,2856,3829,4143,3624
ARP3,3084,2576,2280,5995,5619,4978,7747,5700,6138
ARP4,1577,1514,1441,1286,1209,1246,1707,1208,1221
ARP5,1583,1476,1132,1224,980,938,1678,1458,1403
ARP6,1405,1693,1382,1658,1752,1681,2172,1504,1492
ARP7,4071,3612,3105,3859,3681,2817,5517,3656,4057
ARP8,2199,1834,1961,2248,2658,2454,3773,2966,2817
ARP9,1599,1593,1488,1619,1584,1423,1670,1479,1503
ARR1,1409,1359,1176,1209,1662,1469,1852,1540,1563
ARR2,428,550,522,770,787,609,1018,988,589
ARR3,468,319,355,1109,1000,908,1051,857,751
ART10,2850,2706,2351,1903,2259,1791,2744,2436,2555
ART5,1348,691,770,1680,1372,1224,2446,1504,1931
ARV1,787,603,505,613,720,659,725,581,644
ARX1,1436,1370,1422,1068,868,923,822,746,670
ASA1,2784,2454,2184,2763,3125,2857,4082,3321,3388
ASC1,32803,31281,28446,11059,11873,11295,12342,10377,9691
ASE1,1309,1120,1125,668,886,913,1337,1016,933
ASF1,1424,1328,1195,942,852,889,1059,863,903
ASF2,1983,1523,1090,2371,2833,2395,4126,1891,2833
ASG1,589,688,705,534,506,559,1040,622,626
ASG7,197,173,184,293,251,217,595,417,303
ASH1,440,443,474,291,422,426,487,525,466
ASI1,1912,1789,1823,1602,1992,1601,2144,1798,1693
ASI2,1277,1019,1125,2694,2163,1956,2487,2045,2081
ASI3,2227,2076,2191,3265,3762,3210,4625,4449,3281
ASK1,1573,1365,897,2037,1836,1855,3084,2142,2656
ASK10,2410,2070,1747,1571,2062,1811,2479,1885,2050
ASM4,1932,1346,1337,2182,2066,1715,2433,1900,1997
ASN1,3068,3145,2767,1275,999,1244,1848,1681,1557
ASN2,6804,6941,6228,3596,3839,3278,4504,4358,3935
ASP1,2904,3334,2460,2112,2074,1896,2777,2401,2154
ASP3-1,251,261,183,375,1224,341,416,310,279
ASP3-2,229,164,193,335,514,1406,573,439,355
ASP3-3,265,301,300,428,655,520,471,385,311
ASP3-4,181,139,140,452,364,365,302,156,261
ASR1,707,693,494,1166,1743,1474,3105,1894,2293
AST1,1816,2279,2332,1085,1221,1096,1816,1541,1453
AST2,1049,786,610,939,1112,1169,1541,1328,1254
ATC1,544,359,482,210,510,406,557,357,408
ATE1,1157,1269,1548,947,1157,1063,1333,1119,1090
ATF1,5176,5175,4222,5216,5743,4611,7739,7012,5834
ATF2,1581,1758,1160,1421,1217,1278,2077,1202,1488
ATG1,1034,790,632,1077,1474,1202,1774,1356,1330
ATG10,184,202,176,125,302,235,194,262,190
ATG11,623,794,537,985,1082,1044,1756,1186,1369
ATG12,636,806,380,663,741,620,1299,926,959
ATG13,351,291,204,488,354,287,655,467,474
ATG14,407,383,279,603,836,894,1186,724,842
ATG15,538,162,98,1634,1219,1224,2127,752,1319
ATG16,134,28,48,245,206,117,283,88,269
ATG17,268,270,273,165,223,191,240,203,211
ATG18,1095,1218,786,1180,1248,1059,1852,1229,1221
ATG19,1684,1114,724,3897,3961,3506,6719,3661,4629
ATG2,1954,2277,1727,1750,1614,1551,2277,1930,1709
ATG20,1449,1208,1157,2344,2611,2196,4041,3095,3051
ATG21,816,844,645,897,1040,803,1598,1137,1104
ATG22,1125,1244,975,1600,1504,1403,1481,1321,1207
ATG23,547,417,303,460,438,371,526,264,364
ATG26,2509,3079,2222,3687,3247,2903,5551,4161,4349
ATG27,3148,2955,2578,1286,1833,1665,1921,1603,1582
ATG29,297,117,16,828,691,461,1085,400,709
ATG3,795,600,594,905,811,793,1280,1220,1112
ATG31,460,557,483,455,667,541,553,519,468
ATG32,832,541,459,1200,1483,1325,2528,1193,1581
ATG33,1115,1024,896,2237,3262,3058,2933,2363,2101
ATG34,1526,1031,911,3259,3907,3494,3154,2457,2656
ATG36,1197,999,1153,3145,2898,2187,3514,2620,2721
ATG38,766,894,893,1185,971,822,1029,816,1021
ATG39,614,540,561,2048,2020,1593,2574,1971,1944
ATG4,1510,1561,1173,1764,1915,1469,2189,1874,1624
ATG40,934,847,574,951,1375,920,1367,1047,839
ATG41,180,213,130,383,463,433,664,516,664
ATG42,2221,1965,1788,4438,4380,4060,6190,5099,4818
ATG5,2252,2149,2001,3266,3891,3356,5030,4035,4036
ATG7,613,817,761,1652,1930,1938,2105,1693,1459
ATG8,141,154,238,253,274,243,337,327,200
ATG9,804,839,567,1240,1714,1519,1891,1351,1384
ATH1,2015,1867,1566,6879,6976,5569,7202,5964,5679
ATM1,1227,1193,1321,1362,1025,1065,1867,1643,1511
ATO2,2249,1677,1355,9468,11181,9585,16785,11735,11907
ATO3,1910,1180,1403,19135,21781,18094,19468,17681,15367
ATP1,17479,15897,13857,13726,12680,10426,17571,14263,14717
ATP10,138,53,42,427,249,347,342,189,319
ATP11,1693,1573,1383,919,950,706,1343,1325,926
ATP12,969,1155,834,161,346,251,294,274,250
ATP14,1116,933,609,883,1106,927,1557,1041,1089
ATP15,2773,2975,2632,2738,3711,3845,3155,2818,2683
ATP16,2886,3406,2929,2409,2431,2024,3029,2363,2065
ATP17,1695,1714,1501,2933,3259,2637,2864,2824,2609
ATP18,7144,9099,8171,1446,2543,2166,2506,3042,2501
ATP19,871,855,1156,436,541,359,571,568,341
ATP2,25329,27491,24701,19162,18627,15093,29906,23839,22357
ATP20,2303,2139,2147,673,840,675,938,671,591
ATP22,2864,2899,2593,4158,4867,3865,5054,4088,3894
ATP23,5091,6027,5736,1324,1609,1420,2313,2215,1780
ATP25,1094,1127,711,620,645,647,806,786,750
ATP3,3208,3583,3068,3008,2879,2331,3801,3390,3338
ATP4,6718,6240,5296,5745,5578,4421,6864,5825,5624
ATP5,6014,6231,6678,4858,6612,5347,6497,6232,5225
ATP6,6,0,0,15,24,14,5,0,0
ATP7,10283,12627,11941,5823,6912,5543,7190,7566,6389
ATP8,0,0,0,0,0,0,0,0,0
ATR1,1744,1625,1453,2055,2287,2318,2203,1864,1800
ATR2,1108,1372,782,939,1177,1094,1612,1272,1274
ATS1,6303,6610,5351,11783,10294,10205,15345,12551,12647
ATX1,1086,1143,910,386,578,537,524,376,415
ATX2,1146,1350,1320,238,595,512,593,482,519
AUA1,421,614,482,89,164,165,206,101,151
AUR1,3020,3278,2273,3707,3803,4102,3649,3174,2748
AUS1,1155,983,876,968,956,826,1056,835,807
AVL9,2094,2175,2100,1662,1224,881,1882,1671,1582
AVO1,1282,855,735,872,681,616,991,747,670
AVO2,1169,935,902,1115,1317,1023,1820,1348,1360
AVT1,3458,3592,2727,2958,3277,2701,5127,3697,3689
AVT2,629,764,631,760,1174,986,1702,1318,975
AVT3,6849,4543,3447,13774,14189,11994,17163,11028,12830
AVT4,3168,2453,1932,4985,5420,4368,6075,4531,4386
AVT5,773,617,490,627,666,592,754,556,554
AVT6,1924,1198,1186,2553,2790,2223,4459,3041,3193
AVT7,2241,2234,2162,3338,3584,3006,4235,3699,3413
AXL1,3978,4223,3539,3820,3414,3064,3935,3207,3361
AXL2,2026,1496,1214,686,732,840,1371,1145,1147
AYR1,5248,5087,3715,9250,10815,8874,8603,6250,6463
AYT1,1804,1404,1574,2539,2216,1896,3248,2852,2504
AZF1,736,306,391,842,807,818,961,612,738
AZR1,5487,4257,3546,4449,3718,2866,4395,3483,3416
BAG7,513,344,402,536,776,789,1412,1220,1020
BAP2,3655,2561,2075,7961,8264,7144,9089,6097,7154
BAP3,8135,7754,6204,1832,1881,1823,2740,2298,1915
BAR1,380,200,180,247,316,296,408,217,269
BAS1,705,673,520,421,414,470,559,317,392
BAT1,1054,853,917,968,1029,976,1559,897,1101
BAT2,8228,8635,9443,21607,19704,17158,22623,21613,20457
BBC1,4143,4384,4493,3385,3687,3177,5292,4883,3843
BBP1,1106,1250,1026,627,515,531,827,557,660
BCD1,2016,2303,1952,2490,2730,1954,3605,3435,3441
BCH1,2128,2583,2375,2362,2485,2157,3657,2893,2761
BCH2,3696,3816,3345,1506,1553,1240,1852,1470,1361
BCK1,2525,3198,2872,1408,1808,1452,2105,2154,1680
BCK2,758,571,675,952,968,926,1557,825,1296
BCP1,627,448,634,641,607,669,694,717,567
BCS1,3051,3270,2719,2962,2934,2698,3532,3161,3029
BCY1,2471,2785,1920,4305,4868,4150,6775,5264,4750
BDF1,1357,1001,675,2937,2442,1988,4735,2551,3407
BDF2,24367,22146,18375,11989,12774,10577,23813,17210,17752
BDH1,8052,8432,7632,21171,18496,16201,25446,21773,20711
BDH2,1842,1518,1387,7441,6396,5767,8720,6962,6972
BDP1,1606,2134,1725,1250,1301,957,2141,1698,1685
BDS1,5552,4694,4048,6300,5527,4592,6736,4702,5315
BEM1,506,724,521,1306,1330,1205,2017,1588,1387
BEM2,5128,5927,5545,2366,2569,2106,3470,3255,2825
BEM3,1653,1762,1878,922,1025,670,1251,1244,1076
BEM4,748,607,617,670,809,601,772,693,689
BER1,1265,1165,1122,1719,1738,1390,2244,1683,1688
BET1,682,625,647,562,604,484,883,819,558
BET2,1643,1694,1417,1323,1164,1048,1373,1319,1007
BET3,2087,2966,2295,1085,1594,1441,1590,1672,1389
BET4,912,823,824,508,542,422,713,744,547
BET5,650,437,492,393,499,409,606,429,494
BFA1,134,33,37,42,111,47,122,66,88
BFR1,4266,5383,4691,1651,1711,1326,2246,2174,1923
BFR2,707,805,663,400,371,328,573,345,393
BGL2,21876,21062,18235,17462,19492,15784,15702,12159,12141
BI2,0,0,0,0,0,0,0,0,9
BI3,0,0,0,0,0,0,0,5,0
BI4,31,27,0,68,93,67,185,130,83
BIG1,409,350,438,604,562,519,716,656,468
BIK1,729,839,608,788,710,582,917,686,798
BIL1,474,375,459,228,379,245,488,537,345
BIM1,1155,1200,1174,381,319,250,611,520,519
BIO2,1829,1981,1894,1383,1203,1111,2030,1503,1608
BIO3,1366,1092,693,1174,1184,938,1761,1346,1175
BIO4,829,1088,877,1962,1798,1395,2085,1834,1753
BIO5,1607,928,983,2385,2278,1888,3673,2365,2926
BIR1,1818,2193,2150,983,1035,872,1439,1358,1181
BIT2,2187,1806,1601,2513,2208,1937,2836,1982,2153
BIT61,241,258,189,511,505,319,617,472,635
BLI1,1231,1201,959,772,719,611,693,828,677
BLM10,4317,4534,4577,6242,6548,6055,6316,6060,5571
BLS1,146,210,341,130,191,154,256,181,139
BMH1,6000,4399,3086,7190,7291,6714,7881,4404,6079
BMH2,734,586,403,2093,1751,1258,2033,1041,1444
BMS1,1511,1453,1611,971,764,717,721,753,817
BMT2,890,777,691,1194,1329,1181,1361,897,951
BMT5,433,347,407,266,431,233,402,279,274
BMT6,110,107,135,298,276,251,451,272,390
BNA1,1263,1667,1634,1167,1258,1061,896,878,751
BNA2,486,454,232,1283,1532,1277,1027,750,951
BNA3,1419,1835,1391,1096,1209,1113,1458,1559,1347
BNA4,771,1189,911,756,834,848,1692,1212,1188
BNA5,2587,2040,2139,2575,2502,2186,2420,2057,1787
BNA6,1746,2637,2026,1727,2184,1588,2480,2475,2149
BNA7,1273,1134,972,732,891,766,857,695,706
BNI1,1317,947,578,1183,1072,825,1186,846,955
BNI4,657,657,519,224,372,339,573,434,448
BNI5,1135,1202,1208,550,740,442,717,703,599
BNR1,567,884,714,311,349,305,409,371,354
BNS1,776,710,665,1209,1573,1301,2063,1836,1650
BOI1,1855,1976,1895,738,700,818,1262,1178,1094
BOI2,1578,1496,1455,1590,1698,1615,2507,1758,1705
BOL1,434,439,441,1609,1509,1228,1412,1427,950
BOL2,2731,3289,3888,2914,2553,2668,3643,3392,3102
BOL3,286,210,286,376,496,422,594,629,562
BOP2,840,753,508,3053,3407,2700,3923,2803,2700
BOP3,641,471,423,867,1032,995,1731,1215,1276
BOR1,692,607,480,791,754,722,1003,831,713
BOS1,1294,1751,1453,1237,1447,1379,2164,1992,1919
BPH1,2697,2443,3056,1579,1911,1588,2384,1990,1864
BPL1,1289,1341,787,1210,1099,929,1682,1168,1233
BPT1,3837,4271,4263,4737,5070,4255,5417,4576,4165
BRE1,1317,1423,1148,988,1067,923,1296,1092,1079
BRE2,400,256,351,344,441,372,518,411,360
BRE4,7132,6765,5977,6614,6613,5923,8297,6344,6363
BRE5,446,320,221,289,225,184,341,266,203
BRF1,944,1003,880,747,934,759,1469,1205,1238
BRL1,614,514,411,745,842,825,1023,956,800
BRN1,150,65,63,181,90,75,94,112,100
BRO1,1326,1493,1358,1298,1480,1138,2068,1391,1462
BRP1,148,151,101,420,391,280,353,329,308
BRR1,3640,4379,3777,1428,1775,1462,2375,2459,1960
BRR2,1985,2637,2071,1043,1446,1038,1977,1492,1271
BRR6,624,772,685,848,782,610,1013,956,826
BRX1,1701,1601,1659,859,1059,762,577,723,532
BSC1,15,0,0,42,31,0,36,17,2
BSC2,2379,2239,1615,3546,3622,3337,4055,3206,3054
BSC4,103,67,44,159,181,81,178,159,164
BSC5,410,124,166,989,1013,833,2130,768,1399
BSC6,2313,1800,1570,1453,1697,1631,1981,1656,1554
BSD2,570,502,419,442,501,442,664,573,548
BSP1,955,687,636,982,1197,907,1679,1121,1368
BST1,1066,877,844,1389,1067,1034,1535,1223,941
BTN2,2200,2099,1926,3528,4220,3208,6196,4738,5044
BTS1,321,260,551,280,357,243,335,316,301
BTT1,81,53,56,203,186,110,135,126,102
BUB1,395,522,341,185,392,335,427,446,280
BUB2,384,539,418,378,497,411,534,559,516
BUB3,2360,2136,1292,1903,2335,2148,3358,2251,2273
BUD13,593,661,562,331,460,497,736,652,598
BUD14,1337,1265,983,1336,1303,982,1796,1270,1442
BUD16,510,565,527,334,510,407,630,519,433
BUD17,862,852,670,816,692,559,955,927,858
BUD2,1294,1129,1055,717,823,667,988,981,963
BUD20,1684,1453,1259,1637,1858,1633,2303,2217,2151
BUD21,784,697,765,522,560,522,565,392,413
BUD22,639,722,606,299,366,342,331,244,263
BUD23,1946,1875,1866,2001,1865,1936,2189,2030,1994
BUD25,0,0,0,0,0,0,0,0,0
BUD27,940,641,440,706,673,582,781,610,637
BUD3,1925,2322,2256,776,1058,819,1281,1084,1036
BUD31,139,102,146,336,245,273,414,349,452
BUD32,2720,3059,2722,2541,2544,2473,3940,3340,2929
BUD4,3778,4962,4156,1307,1428,1248,2138,2058,1874
BUD5,453,270,225,575,535,521,560,454,348
BUD6,1357,1709,1316,1178,870,701,1080,1011,821
BUD7,3194,3207,2952,2370,2699,2238,3780,3165,3073
BUD8,1475,1564,1670,1214,1259,1182,1731,1495,1314
BUD9,2776,2555,2157,3290,3140,2457,4327,3610,3466
BUG1,1033,1223,831,388,502,492,997,591,736
BUL1,1695,1772,1626,1262,1277,1030,2113,1725,1706
BUL2,1219,1345,957,838,1124,848,1369,1115,1103
BUR2,351,166,181,319,308,259,454,334,330
BUR6,2436,2502,2587,1548,1921,1802,2304,1962,1934
BXI1,1273,1281,826,5656,5894,5154,7018,5584,5631
BYE1,2646,2346,2540,3548,4127,3020,5402,3985,4166
BZZ1,1077,1063,1232,1422,1453,1417,2571,2057,2009
CAB1,672,522,523,975,1312,841,1331,739,927
CAB2,1916,2011,1857,2353,2800,2592,3295,3092,2559
CAB3,3155,4085,3939,1387,1515,1249,2476,2722,1979
CAB4,1046,1366,1524,594,591,527,587,672,465
CAB5,1523,1398,1180,1348,1651,1080,1477,1262,1237
CAC2,6005,5671,5764,5439,5141,4221,7564,6941,6389
CAD1,936,965,717,985,838,984,1259,1057,1110
CAF120,1002,730,604,1098,1401,985,1949,1005,1407
CAF130,1863,1943,2073,1398,1540,1463,2041,1622,1462
CAF16,2755,3685,3409,1356,1282,1434,1606,1676,1295
CAF20,1172,1027,733,611,825,628,654,558,445
CAF4,1365,1068,957,1912,1653,1343,2120,1815,1943
CAF40,697,755,763,288,666,693,1021,768,760
CAJ1,2499,2404,2415,1642,1829,1612,1950,1757,1633
CAK1,1502,1396,1162,2146,2584,2326,4352,3612,3225
CAM1,15144,13914,12077,14350,15835,13946,15928,12678,12547
CAN1,2624,1749,1420,5480,4631,4252,7187,3870,5096
CAP1,1512,1963,2079,1979,1892,1746,2080,1811,1558
CAP2,2357,2358,1832,3529,4218,3588,4500,3713,3705
CAR1,6157,5747,5395,9019,10376,9163,11098,8931,8136
CAR2,3244,3110,2386,12956,11762,11394,16888,12682,13518
CAT2,1856,2133,2211,9515,10240,8053,13474,11531,10807
CAT5,328,464,381,822,1022,786,1193,1323,1055
CAT8,1470,1700,1323,1909,2150,1609,2376,1879,1651
CAX4,373,449,453,284,366,327,606,371,379
CBC2,1739,2152,1307,1643,1921,1790,2340,1772,2008
CBF1,238,132,166,689,498,401,641,443,522
CBF2,552,658,644,686,654,467,979,845,708
CBF5,19640,24504,23398,15511,8199,4189,6987,9135,10034
CBK1,1593,1142,939,1318,1264,1012,1762,1522,1353
CBP1,933,888,948,745,1004,662,1608,1125,1124
CBP2,429,380,245,420,477,491,669,340,429
CBP3,1076,756,722,721,896,647,1224,979,1069
CBP4,2305,2511,2299,2081,2341,2348,2765,2704,2746
CBP6,724,726,589,337,289,246,342,340,295
CBR1,7692,8444,7549,8336,8840,7992,9487,8651,7273
CBS1,879,1374,1146,270,557,357,568,561,354
CBS2,1093,1210,1025,848,1015,790,1222,1255,824
CBT1,762,677,812,561,529,557,1013,757,700
CCA1,694,783,589,869,801,606,1324,939,989
CCC1,5472,6563,6142,4620,4973,4390,6069,5513,5067
CCC2,1825,1523,1279,2016,2068,2120,1879,1590,1498
CCE1,732,850,568,655,944,672,941,804,699
CCH1,1693,1851,1816,988,1125,1123,1230,932,977
CCL1,692,653,692,1006,1094,895,1358,1044,1076
CCM1,1700,1529,1215,1224,1006,1122,1197,858,912
CCP1,5348,5843,5002,7506,7309,6423,12642,11097,10287
CCR4,1634,1205,868,1348,1532,1245,2011,1302,1354
CCS1,2228,1560,1952,3068,3191,2815,4582,3564,3640
CCT2,2134,1937,1826,2447,2672,2822,3942,3270,3431
CCT3,3795,4557,4039,1997,2409,2108,2654,2049,1993
CCT4,2071,2181,1431,1848,1630,1637,2749,1986,2018
CCT5,2788,3050,2865,2362,2429,2154,3661,3350,3117
CCT6,4996,4226,3924,5189,4774,4405,6503,4385,5180
CCT7,6040,5678,5892,4019,4249,3446,4381,3610,3914
CCT8,1769,1640,1528,1329,1471,1461,1694,1698,1296
CCW12,91815,103411,88142,37726,49354,41439,49594,48435,36708
CCW14,5834,6188,5064,2399,2686,2487,3015,1991,2226
CCW22,6979,5381,4504,15546,16397,14197,19576,10725,14088
CCZ1,651,371,467,302,273,299,457,459,343
CDA1,102,35,85,267,448,294,280,274,213
CDA2,11,9,18,1,53,39,90,28,45
CDC1,619,578,383,620,770,554,1049,676,742
CDC10,1043,878,860,519,764,551,1046,1099,783
CDC11,1909,1940,1673,923,922,681,1486,1374,1180
CDC12,683,636,785,558,467,374,827,556,542
CDC123,911,821,1013,744,723,615,817,663,620
CDC13,1279,845,849,1872,1559,1379,2016,1214,1507
CDC14,1042,980,735,633,741,514,1159,846,784
CDC15,428,410,459,705,791,523,1088,735,657
CDC16,1956,1794,1776,2080,2485,2369,3381,2962,2535
CDC19,25841,26039,23345,23622,24669,21899,25895,21096,20806
CDC20,1338,1474,1076,1299,1321,1068,1765,1450,1320
CDC21,603,697,423,265,265,215,403,358,474
CDC23,1609,1574,1732,659,830,839,1240,1102,771
CDC24,1093,1004,989,601,905,770,1537,1249,1024
CDC25,4034,4848,3981,2827,3209,2493,4166,3343,3334
CDC26,148,102,21,152,202,145,273,124,140
CDC27,522,553,318,994,1061,933,1618,1203,1072
CDC28,1684,1354,1374,994,1233,921,1592,1116,1253
CDC3,1544,1315,1536,671,761,536,1345,826,1026
CDC31,3931,5632,6368,1839,1907,2015,2603,2860,2387
CDC33,2555,1958,2203,1542,1937,1660,1630,1583,1358
CDC34,437,285,335,848,816,729,1240,851,1049
CDC36,1228,1265,1543,775,845,898,1074,1071,638
CDC37,505,707,566,596,607,385,732,952,727
CDC39,1806,1585,1042,856,1143,1002,1429,1008,1163
CDC4,1584,1645,1079,1224,1256,1077,1807,1348,1208
CDC40,2855,2286,2301,3216,2806,2353,3546,2654,2523
CDC42,5685,6169,5273,2888,3234,2790,4282,3890,3322
CDC43,3214,2843,2618,1492,1645,1233,1986,1741,1351
CDC45,730,643,630,237,201,166,423,300,307
CDC48,10003,9405,9549,9676,10274,8683,13044,10926,10673
CDC5,2086,1983,2176,864,1203,969,1262,1234,1258
CDC50,951,958,1085,1099,1247,829,1057,1015,968
CDC53,1232,1019,946,1380,1518,1432,1924,1635,1606
CDC55,2556,2215,1986,2047,2078,1650,2616,1792,1762
CDC6,396,429,371,305,192,174,345,256,263
CDC60,4329,4264,3166,2121,2130,1808,2549,1880,1963
CDC65,0,0,0,0,8,0,0,0,0
CDC7,1027,1390,988,459,505,371,716,674,470
CDC73,1906,2514,2060,1218,1370,1229,1606,1647,1195
CDC8,1246,1288,1356,509,793,637,707,754,631
CDC9,1606,1003,923,795,805,665,1038,691,880
CDD1,183,35,59,286,196,178,365,167,279
CDH1,2742,3040,3030,3301,3788,3073,4815,4142,3789
CDS1,1934,1760,1649,1968,2163,1761,2475,1880,1938
CEF1,421,383,523,419,396,403,670,561,512
CEG1,1164,1176,1384,914,1076,972,1842,1361,1438
CEM1,593,752,491,828,801,640,857,661,751
CEP3,1072,1087,1055,1290,1248,1049,1562,1033,1234
CET1,503,533,401,646,754,565,1395,1050,1034
CEX1,1359,1261,1171,666,668,579,1048,891,1049
CFD1,807,1138,761,1563,1671,1485,2419,2099,1878
CFT1,2048,2092,1681,1270,1244,1115,2189,1839,1492
CFT2,1164,1467,1141,945,1127,910,1164,1046,1046
CGI121,783,753,913,307,458,424,516,406,289
CGR1,407,601,220,273,188,214,135,172,120
CHA1,6341,6319,5017,14453,16102,14192,20593,18376,16323
CHA4,2327,2547,2409,2865,2935,2278,3238,3092,2505
CHC1,6138,5977,5525,3097,3717,2973,4993,4518,3481
CHD1,2541,2423,1911,1191,1278,1153,2147,1479,1722
CHK1,1441,1393,1211,1044,1249,1080,1507,1249,1006
CHL1,2754,2754,2119,1375,1467,1229,1846,1528,1775
CHL4,2476,3252,2643,3593,4915,4058,4863,4837,3618
CHM7,760,849,694,224,378,408,447,458,309
CHO1,1761,1713,1455,1624,1906,1851,2768,2522,2351
CHO2,8331,8298,8326,3374,3987,3304,4468,4289,3694
CHS1,4409,3975,3493,2869,3474,2865,5528,4440,4006
CHS2,2129,2068,1950,1499,1657,1466,2009,1579,1662
CHS3,5523,3963,3755,1861,2156,2134,2970,2128,2192
CHS5,2518,2831,2318,2273,2466,1831,3722,3174,2934
CHS6,987,989,941,592,654,579,847,667,587
CHS7,2587,3143,2439,2138,2466,2038,3383,2765,2540
CHZ1,2852,3193,3304,1235,1207,1310,1574,1829,1612
CIA1,2290,3021,2828,1337,1348,1095,1445,1502,1423
CIA2,813,1091,920,1160,1171,932,1660,1441,1176
CIC1,1333,1402,1366,920,960,772,969,757,724
CIK1,740,534,500,168,322,178,335,219,351
CIN1,1833,1887,1751,1794,2173,1881,2556,1997,1832
CIN10,4117,3539,2811,2810,2767,2674,3834,3337,3337
CIN2,1169,1030,1256,778,1178,662,1508,1174,1050
CIN4,783,983,883,680,765,602,741,512,567
CIN5,491,645,346,1176,1340,1108,1817,1420,1337
CIN8,1019,1250,1230,285,582,279,647,544,591
CIP1,681,712,425,545,591,396,975,801,667
CIR1,1554,2255,1790,648,678,532,898,583,594
CIR2,2787,2135,1479,1950,2203,1834,2839,2123,2306
CIS1,337,444,294,522,693,643,905,824,717
CIS3,26357,32212,28202,10353,12209,10981,15561,14970,12695
CIT1,12747,13916,11806,14844,17598,14569,23110,19972,19295
CIT2,6567,5531,4743,30271,33085,26692,40171,31553,30474
CIT3,983,747,588,6543,6572,5990,6913,5420,4966
CKA1,1144,1452,1030,823,888,712,980,1032,848
CKA2,1191,628,890,1374,1291,1068,2144,1820,1908
CKB1,1752,2328,2051,1442,1268,1177,2443,2119,1828
CKB2,1414,1779,1358,1071,1163,914,1088,912,1049
CKI1,660,571,410,371,492,349,715,531,610
CKS1,511,222,172,557,504,595,1061,421,734
CLA4,1399,1313,1281,727,814,612,1097,778,906
CLB1,2599,2359,2011,1139,1310,1237,1431,1282,1384
CLB2,405,326,237,199,138,70,179,115,196
CLB3,2182,1992,1582,1612,1594,1296,2305,1539,1591
CLB4,321,272,116,248,309,235,702,309,366
CLB5,722,806,550,388,396,413,499,454,419
CLB6,248,202,147,119,123,90,142,108,88
CLC1,1397,1294,1516,1259,1035,1129,1805,1608,1490
CLD1,985,974,665,1582,1880,1686,3106,2388,2227
CLF1,1862,2130,2411,2002,2345,1943,3508,3113,3091
CLG1,733,390,341,675,704,453,1200,630,791
CLN1,2370,1296,1120,1919,1869,1460,2216,981,1454
CLN2,2813,2547,2290,1143,1172,917,1590,1084,1202
CLN3,1100,697,589,887,857,757,1189,664,1034
CLP1,1518,1160,1072,1017,1252,1230,1623,1377,1286
CLU1,3654,3624,3296,1134,1289,1231,2138,1681,1740
CMC1,520,679,471,156,223,234,175,125,192
CMC2,331,428,502,170,262,232,317,384,310
CMC4,355,376,312,1452,1281,1109,1723,1452,1352
CMD1,4014,5481,4581,3033,3708,3396,3395,3432,2928
CMG1,594,661,442,575,421,357,510,500,462
CMI7,1153,1574,1234,920,1265,985,1534,1644,1418
CMI8,222,292,182,288,497,446,359,297,299
CMK1,2738,3011,3301,3337,3518,2983,4985,4491,3969
CMK2,2836,2760,2632,3349,3803,3466,6152,5287,4719
CMP2,2731,2569,2185,3953,3954,3331,6669,5317,5768
CMR1,27,0,27,68,63,74,252,43,121
CMR2,1813,1841,1656,906,952,874,1037,924,992
CMR3,1689,1470,1502,2867,3039,2783,3990,3905,3367
CMS1,273,254,231,123,217,147,254,153,160
CNA1,1739,1839,1640,915,1061,902,1395,1159,1152
CNB1,1404,1244,1047,1131,1393,1256,2000,1722,1818
CNE1,1001,1069,903,1107,1211,1027,1593,1436,1164
CNL1,1537,1831,1530,1082,1854,1581,1279,1118,847
CNM67,784,1040,1004,379,505,343,658,655,500
CNN1,499,698,397,359,403,430,912,626,655
CNS1,1486,1795,1787,802,847,728,585,505,466
COA1,1668,1662,1636,1243,1158,1248,1385,1604,1252
COA2,308,583,246,313,430,398,526,318,346
COA3,1636,1703,1973,1755,1770,1934,2124,1550,1628
COA4,803,1046,1023,369,345,280,584,366,350
COA6,923,961,649,575,625,551,599,673,497
COB,0,0,0,0,0,4,5,0,0
COF1,4560,5452,5350,3310,4362,3734,3583,3401,2849
COG1,613,680,416,891,871,757,1285,952,990
COG2,693,527,553,875,1002,750,1454,1264,1159
COG3,996,1060,882,672,625,637,1078,1011,887
COG4,2908,2375,1848,2333,2873,2400,4208,3453,3071
COG5,1009,1126,876,676,1036,750,1167,965,931
COG6,717,558,591,284,420,471,561,389,463
COG7,452,362,338,423,364,261,505,367,354
COG8,1111,1341,1209,646,712,699,896,833,505
COI1,1421,1368,1513,1049,1049,1051,1331,1419,1091
COM2,2364,2408,2321,881,776,699,1547,1400,1309
COP1,4287,4192,3719,2509,2580,2150,3601,2573,2668
COQ1,2464,3020,2638,2051,2347,2159,3840,3394,2764
COQ10,520,416,362,616,525,340,640,571,372
COQ11,842,1033,963,1868,1936,1440,1778,1734,1261
COQ2,1441,1890,1438,1048,983,842,1751,1613,1340
COQ21,1211,1424,1230,2613,3228,2040,2333,2395,2126
COQ3,862,595,506,827,813,687,919,910,577
COQ4,2498,2658,3007,5391,6107,5120,5630,5748,4931
COQ5,1609,1887,1702,2380,2305,1754,2805,2457,2276
COQ6,2236,2466,1965,2082,2177,1903,3263,2354,2255
COQ8,1388,1484,1367,976,1123,901,1021,818,810
COQ9,2291,1988,2043,3155,3555,2986,3925,3935,3198
COR1,5456,4576,4120,5976,6527,4772,7354,5291,5968
COS1,1205,1183,1034,999,889,649,964,856,744
COS10,248,187,9,151,148,78,138,81,94
COS111,846,867,828,1579,1915,1565,2804,2003,1984
COS12,615,491,637,193,194,101,277,135,123
COS2,472,573,539,106,243,234,204,245,140
COS3,924,1100,1158,274,555,436,480,336,192
COS4,107,147,128,139,245,145,277,242,174
COS5,435,215,211,426,563,437,771,394,454
COS6,2470,2490,2131,3170,3309,2812,5384,4608,4503
COS7,543,268,351,1020,861,728,1121,406,899
COS8,3821,3940,3452,2689,3239,2743,3985,3327,2796
COS9,1397,1402,1258,1036,1116,945,1482,1423,1284
COT1,1363,820,624,2304,2398,1959,3764,2308,2584
COX1,0,0,5,0,0,0,0,0,0
COX10,787,842,900,714,479,422,839,503,586
COX11,986,609,555,616,862,553,915,770,633
COX12,7021,7358,7026,2058,2916,2810,3484,3961,3090
COX13,3136,3881,3066,1584,1910,1927,2627,2288,2069
COX14,485,605,425,527,445,533,746,461,450
COX15,1621,1845,1625,3546,3193,2664,5268,4538,4171
COX16,1081,1101,1218,530,376,357,598,567,435
COX17,1284,1468,1122,118,135,203,208,310,297
COX18,1139,954,715,735,765,742,1151,996,942
COX19,502,659,375,1094,689,710,933,567,625
COX2,0,0,0,22,0,0,0,0,4
COX20,3187,2819,2353,5939,5657,5228,7574,6479,6695
COX23,728,805,759,1157,1130,1004,1445,1198,927
COX26,2899,2403,2544,4159,4161,4004,3829,3895,3145
COX3,0,0,0,12,5,0,0,0,0
COX4,3561,3615,3410,4138,3185,2637,3861,3253,3043
COX5A,1125,1005,922,1809,1359,1142,2221,1591,1821
COX5B,2468,2597,2555,3019,2367,2256,4661,4870,4011
COX6,5272,6805,7054,1774,2486,1902,3351,3410,2666
COX7,1450,1640,912,559,1020,937,803,769,646
COX8,1931,2063,1562,1269,1780,1672,1715,1768,1203
COX9,3004,3071,2572,845,892,657,1293,1325,1191
COY1,944,855,787,555,639,432,806,604,609
CPA1,5441,3775,2768,27151,31302,25992,32815,19974,23330
CPA2,2021,2356,2050,2849,2926,2410,3842,2869,3042
CPD1,418,659,546,1108,1031,864,1353,1246,1039
CPR1,27293,32283,30370,39686,47239,40270,31579,28952,25512
CPR2,3680,3690,2880,4545,4393,4110,5333,4945,4498
CPR3,5853,6327,4942,3108,3454,2853,3740,3634,2719
CPR4,2769,2867,2092,5298,6187,5230,7750,6648,6220
CPR5,4602,4989,5059,2866,3379,2981,4123,3450,3138
CPR6,5197,5727,5331,9613,10982,8879,18040,14974,14269
CPR7,498,479,410,132,297,274,344,291,236
CPR8,1224,756,766,838,880,827,870,737,738
CPS1,345,439,484,991,965,805,1284,1069,981
CPT1,1132,1159,1338,1131,1239,1254,1833,1416,1437
CRC1,1424,1529,1309,9831,8851,7617,12420,10940,9709
CRD1,1043,1256,1270,2170,2297,1932,2936,2642,2492
CRF1,1203,924,721,4243,3936,3701,4263,3713,3380
CRG1,1441,1491,1433,1593,1525,1186,1514,1374,1328
CRH1,3362,2470,2075,1106,1365,1326,2180,1731,1925
CRM1,3247,2623,2178,2837,3441,2648,4211,2781,2875
CRN1,4974,4700,4184,5397,5434,4582,8317,5364,6098
CRP1,503,357,295,1331,908,645,1648,1274,1302
CRR1,1134,946,1199,1100,1109,1086,1574,1058,1441
CRS1,2769,2853,3091,1107,1056,997,1846,1650,1545
CRS5,3853,4710,3737,4800,6164,5952,7224,8164,6432
CRT10,3656,3360,2233,2754,2945,2623,3948,2832,3024
CRZ1,1738,1720,1526,1065,1205,1119,1696,1590,1520
CSC1,3468,3455,3315,2652,3358,2645,3106,3047,2870
CSE1,6658,6962,6130,3810,4609,3491,4589,3753,3281
CSE2,154,157,117,159,193,221,257,146,215
CSE4,1326,1502,1173,515,567,501,675,687,533
CSF1,3104,2743,2714,1712,1862,1456,2428,1755,1601
CSG2,5300,4827,3964,6580,7282,6007,8180,6463,6613
CSH1,784,661,627,443,712,527,935,961,775
CSI1,131,204,74,105,159,145,166,158,116
CSI2,696,757,444,787,666,576,775,573,688
CSL4,950,1104,1001,1564,1514,1487,1999,1852,1731
CSM1,865,702,663,570,727,615,1113,921,912
CSM2,468,229,200,553,511,416,787,452,566
CSM3,2045,2829,2608,994,748,783,1329,1311,1097
CSM4,80,71,62,925,863,736,546,201,302
CSN9,267,212,223,307,378,309,462,254,304
CSR1,816,666,469,751,945,733,1367,944,1074
CSR2,1657,733,715,3441,3684,3559,5555,2967,4313
CSS1,10428,11748,11668,3201,3073,3071,3223,3076,2932
CSS2,1878,1728,1272,1607,1931,1759,1957,1726,1641
CSS3,974,1231,1297,1181,1292,1061,1263,1262,1085
CST26,1048,980,1089,760,913,631,1261,1031,1048
CST6,1439,1244,1278,2317,2775,2311,4117,2742,3040
CST9,2075,1784,1740,1489,1743,1320,2236,1432,1401
CTA1,3282,2535,1801,11361,13586,12068,14092,8913,10732
CTF13,129,100,58,167,217,156,235,136,144
CTF18,1939,1770,1376,1326,1352,1284,1679,1209,1387
CTF19,1088,691,470,4723,5163,4681,6812,5740,5248
CTF3,1654,1278,950,2156,2106,1929,2567,1740,2063
CTF4,1760,1786,1893,952,1113,936,1181,1124,1015
CTF8,890,1092,1097,423,444,392,706,697,488
CTH1,1048,818,1032,1208,1465,1380,2409,1684,1923
CTI6,470,386,388,705,640,434,1217,734,936
CTK1,756,795,682,543,574,570,557,650,501
CTK2,570,438,501,327,393,396,518,438,332
CTK3,709,660,447,488,389,424,378,415,237
CTL1,1793,1789,1511,2287,3086,2609,3684,3458,3217
CTM1,472,284,145,357,269,315,483,265,355
CTO1,429,472,611,327,317,280,351,340,282
CTP1,3270,4095,3222,3850,4193,3337,4627,4288,3696
CTR1,4333,3765,3328,2124,2054,1804,1939,1311,1524
CTR2,1639,1556,1384,1874,1856,1448,1940,1469,1487
CTR3,936,1298,930,767,804,818,888,729,594
CTR86,211,380,267,326,214,275,483,434,377
CTR9,2254,2737,2917,1100,1102,958,1467,1268,1333
CTS1,19169,15070,13346,23080,24177,19524,24292,16479,18444
CTS2,1181,1217,997,958,1097,868,915,788,845
CTT1,2806,3004,2206,10626,11359,9674,16758,12371,12540
CUB1,1100,1240,1400,1382,1634,1420,2893,2448,2299
CUE1,2932,3766,3985,2061,1879,1231,1826,2212,1889
CUE2,2567,2119,1768,2630,3256,2504,3582,3197,2545
CUE3,1213,1122,950,687,759,638,1184,917,861
CUE4,595,671,367,667,767,718,816,865,744
CUE5,2720,2175,2327,2390,2555,2505,4179,3789,3386
CUL3,959,685,804,1319,1130,1026,2077,1676,1492
CUP1-1,0,0,0,0,0,0,0,0,0
CUP1-2,0,0,0,0,0,0,0,0,0
CUP2,406,403,303,1405,1178,1344,1724,1281,1233
CUP9,3163,2999,2017,4012,4731,3875,4407,3139,3243
CUR1,549,516,478,1217,1350,1033,2135,1708,1462
CUS1,865,1040,825,916,1030,1050,2440,1825,2126
CUS2,713,1190,802,930,1077,838,1322,1220,962
CUZ1,240,212,245,320,170,173,344,156,208
CWC15,409,385,294,172,380,291,469,256,346
CWC2,1268,1325,1163,554,641,635,637,548,666
CWC21,1898,1833,1904,1763,1532,1910,2172,2072,2191
CWC22,422,597,323,527,583,464,625,465,563
CWC23,925,1006,689,1543,1668,1363,2561,1783,2050
CWC24,252,448,295,629,539,597,834,691,746
CWC25,2571,3461,2656,2454,2036,1857,3044,2258,2291
CWC27,1227,1438,1293,1298,1143,1045,1228,1273,1373
CWH41,1903,2395,2035,1053,932,895,1358,1090,830
CWH43,9040,10144,9996,6788,7114,6368,9058,8167,7376
CWP1,3354,3060,3041,2630,2495,2257,3693,3187,2984
CWP2,127121,139643,123475,25668,40098,32628,53630,55201,47261
CYB2,2273,2546,1872,5176,5274,5235,11955,11880,9760
CYB5,721,697,544,444,540,479,331,281,283
CYC1,6390,6691,6491,883,1244,956,2181,2182,1924
CYC2,838,567,587,533,822,723,1303,956,999
CYC3,7953,9739,9261,9738,8912,8776,9887,9504,9067
CYC7,295,291,378,159,269,237,430,369,308
CYC8,1991,1472,1339,2025,1783,1491,2718,2044,1907
CYK3,1687,1625,1498,738,1185,903,1368,868,950
CYM1,3666,4251,3045,1452,1631,1349,2290,2136,1880
CYR1,6003,5823,5139,3939,3952,3711,4809,4401,3629
CYS3,6465,8737,6673,2243,1904,1880,2862,2296,2038
CYS4,5088,4742,4333,3110,3426,2925,3894,2535,2754
CYT1,964,562,412,1959,1640,1329,2085,1467,1860
CYT2,868,1026,862,434,608,552,763,559,698
DAD1,1107,1497,1494,1257,1473,1290,1510,1662,1460
DAD2,465,398,375,57,52,86,146,114,96
DAD3,306,508,361,132,315,159,266,240,196
DAD4,491,436,417,676,1106,1027,1053,621,805
DAK1,5407,5435,4921,6963,7208,6217,8382,6834,6555
DAK2,633,271,476,669,526,416,1125,1043,1065
DAL1,559,391,328,1280,1278,1222,1267,944,1040
DAL2,3010,3728,3226,4038,3792,3340,6369,6250,5497
DAL3,1539,1643,1228,3981,4170,3353,7083,6649,5564
DAL4,431,486,410,834,942,632,917,704,792
DAL5,2779,2435,1916,2230,2101,1827,2652,2402,2416
DAL7,6640,6496,6148,5817,6721,5514,7401,6362,6281
DAL80,105,224,142,494,630,523,794,613,569
DAL81,1462,1325,764,1367,1650,1222,2038,1128,1493
DAL82,521,298,396,736,606,576,914,548,649
DAM1,518,283,218,683,616,541,1000,571,676
DAN1,29,17,29,202,177,177,209,131,140
DAN4,1375,1059,608,1613,1651,1509,1695,953,1437
DAP1,824,988,649,2069,2024,1989,2707,2501,2085
DAP2,3936,3708,3059,4573,5129,3998,5599,4255,4343
DAS1,314,402,214,556,710,567,900,518,650
DAS2,596,638,335,1043,693,628,989,608,715
DAT1,497,170,125,766,711,657,972,407,641
DBF2,1079,1061,876,849,687,747,1110,849,896
DBF20,482,313,304,344,470,314,584,492,503
DBF4,450,236,274,367,262,332,483,262,521
DBP1,572,504,268,1695,1599,1353,1615,1088,1472
DBP10,781,1159,764,528,666,499,938,497,529
DBP2,10434,7552,6326,5768,5826,5969,3744,2918,2944
DBP3,1755,1581,1752,891,1040,909,805,715,588
DBP5,881,1371,1027,730,643,703,656,651,547
DBP6,781,669,337,813,760,605,1091,645,641
DBP7,980,1200,1066,571,673,524,446,399,311
DBP8,845,774,810,721,546,584,607,548,577
DBP9,984,830,911,486,478,387,439,397,328
DBR1,1631,2021,1757,3473,3510,2946,3474,2875,2793
DCC1,904,579,612,722,1031,760,1169,857,960
DCD1,261,367,251,98,144,96,147,108,71
DCG1,458,415,457,388,309,283,452,359,373
DCI1,1170,960,623,1799,2009,1372,1738,1139,1371
DCK1,1683,1405,1076,1582,1905,1709,2782,2243,2198
DCN1,752,642,616,1122,1024,799,1022,901,790
DCP1,511,465,542,241,271,142,210,188,219
DCP2,3854,3599,2863,1915,2317,2014,3368,2347,2332
DCR2,743,703,616,1411,1250,1014,1391,996,915
DCS1,1407,1510,1169,2814,3306,2746,3945,3041,3209
DCS2,3252,3841,3527,13105,15122,13068,19704,18889,15884
DCV1,4,52,0,47,33,35,60,36,60
DCW1,2707,2059,1801,2897,3093,2174,4151,2928,2937
DDC1,414,482,403,486,498,373,548,434,442
DDI1,2054,1975,1961,2112,2853,2494,3203,2767,2715
DDI2,456,317,197,699,627,455,749,475,610
DDI3,558,504,436,848,747,520,744,627,494
DDL1,1322,1071,962,1089,1354,1058,1640,1581,1218
DDP1,998,1307,801,1465,1563,1571,1770,1330,1428
DDR2,2224,1832,1448,8815,9865,7560,7234,5974,5827
DDR48,2708,3479,3485,2668,3316,3015,2508,2346,2179
DED1,2496,1189,1156,2109,1663,1699,3036,1293,2087
DED81,5376,5993,5150,5250,5453,4731,7192,6062,6352
DEF1,216,107,80,197,340,320,664,296,365
DEG1,846,1002,849,323,321,322,397,414,318
DEP1,3448,3211,3081,2500,2407,2067,3060,2726,2699
DER1,677,581,629,523,588,555,793,619,492
DET1,1949,2272,2266,1041,1337,1269,1514,1558,1157
DFG10,661,256,176,587,723,692,895,580,610
DFG16,1443,1033,693,3134,2820,2523,4280,2129,3125
DFG5,1997,2126,1964,1875,2099,2253,2383,2083,1598
DFM1,1156,833,777,1852,1729,1397,1848,1205,1200
DFR1,933,1198,1082,777,816,748,1043,1095,738
DGA1,2858,2943,2869,2736,3304,2919,3787,3767,3000
DGK1,2310,2514,2044,1540,1756,1747,1700,1599,1388
DGR1,25,22,24,20,33,10,54,48,59
DGR2,1531,1060,1114,1462,1229,1108,1478,1189,1270
DHH1,346,175,87,558,644,537,1255,463,773
DHR2,461,482,368,150,248,197,218,185,203
DIA1,934,842,564,1267,1492,1193,1815,1216,1440
DIA2,1311,1286,1520,500,829,723,1041,1090,679
DIA3,256,264,234,1115,919,723,1012,814,689
DIA4,846,1155,935,533,533,648,772,744,698
DIB1,986,965,1015,1058,1518,1100,1660,1424,1230
DIC1,2124,1877,1334,6171,6719,5959,6852,5975,5663
DID2,785,772,476,292,448,353,351,375,310
DID4,3817,4208,4008,2767,2951,3033,3677,3815,3077
DIE2,421,369,496,442,391,401,464,368,353
DIF1,1319,1303,1181,618,771,677,1165,876,865
DIG1,2499,1205,983,3488,3307,2820,4562,2085,3415
DIG2,638,854,507,560,539,350,918,562,613
DIM1,839,1184,848,804,670,640,789,512,646
DIN7,1064,1004,679,978,1337,1131,1505,1115,1209
DIP2,2667,2743,2543,1292,1346,1172,1593,1328,1172
DIP5,2039,1319,1029,8850,9795,9038,12287,7051,8617
DIS3,4850,5483,5219,2524,2514,2140,2509,2658,2122
DIT1,331,366,310,532,596,631,721,780,579
DIT2,459,563,393,304,499,324,615,468,498
DJP1,2011,2111,1985,1355,1497,1078,1554,1221,1277
DLD1,2970,2837,3034,6618,6309,5868,11027,9735,9156
DLD2,1121,814,974,513,746,742,1118,828,963
DLD3,4651,4495,3693,8143,8401,7302,14604,10237,11138
DLS1,892,996,918,1054,1510,1379,1955,1892,1770
DLT1,758,666,649,1094,924,775,1205,1255,965
DMA1,1697,1533,1263,2554,2564,2412,3336,2807,2588
DMA2,1755,2027,1880,2345,2769,2674,3364,2840,2712
DMC1,390,414,415,607,713,585,900,946,666
DML1,1265,1467,1341,846,1202,980,1522,1214,1221
DNA2,845,855,630,476,480,473,795,590,603
DNF1,4408,3939,3245,3448,3158,2867,4771,3446,3734
DNF2,5173,4513,3784,2250,2389,2270,3339,2660,2695
DNF3,3479,3209,3398,1780,2310,1748,2756,2022,1808
DNL4,1380,1610,1437,1755,2330,1845,2754,2031,2135
DNM1,2416,2118,2174,1838,1806,1784,2499,2333,2176
DOA1,1716,2068,1677,1994,1938,1559,2725,1983,1961
DOA4,971,976,587,1689,1641,1633,2531,1549,1800
DOC1,99,41,49,160,89,128,294,178,213
DOG1,1569,1955,1525,1667,1437,1182,1584,1651,1355
DOG2,3623,4303,4135,456,1012,737,1277,1435,876
DOM34,917,1261,1300,422,449,299,399,427,345
DON1,1307,1579,1286,1421,1950,1585,2352,2274,1879
DOP1,2150,2340,2195,1701,1819,1736,2294,1888,1979
DOS2,1279,1369,1402,616,579,585,982,1047,603
DOT1,621,712,517,410,336,351,417,381,302
DOT5,971,1266,740,803,720,610,876,1134,883
DOT6,4143,2934,1833,5970,6292,4913,8961,4573,6452
DPA10,224,236,187,373,499,465,570,500,535
DPB11,759,573,475,748,1082,757,1175,868,743
DPB2,661,578,746,389,659,397,645,524,695
DPB3,664,704,839,513,549,415,782,818,557
DPB4,1061,1154,1286,694,714,607,886,898,706
DPC13,742,902,875,341,557,424,509,565,507
DPC25,501,347,510,396,410,308,552,359,410
DPC29,1301,1440,1188,539,779,651,1007,775,840
DPC7,404,444,381,890,1733,1453,1174,1010,834
DPH1,3419,3436,3249,3330,3684,3303,3625,3219,2894
DPH2,2080,2122,1664,2055,2385,1968,3373,2552,2458
DPH5,2340,3101,2594,2970,3118,3117,3746,3438,2961
DPH6,555,670,833,273,362,339,457,455,494
DPI34,320,294,330,435,332,326,397,505,386
DPI35,1447,1790,1694,895,810,855,943,1006,757
DPI8,671,414,569,2832,3563,2818,4302,3898,3516
DPL1,2641,3138,2222,4325,5118,4768,6866,5545,5088
DPM1,5163,5241,4523,2785,3077,3038,3420,3504,3093
DPP1,1036,732,1013,612,950,802,1076,1098,950
DPS1,2433,1805,1815,2898,2973,2735,3869,3405,3203
DRE2,1528,1849,1333,1265,1238,1043,1717,1624,1472
DRN1,450,501,445,740,820,699,1099,896,786
DRS1,866,747,832,417,715,456,811,565,617
DRS2,2546,2520,1894,1090,1399,914,1345,1129,1116
DSC2,952,869,645,1865,2055,1790,3306,2459,2462
DSC3,915,792,866,1032,947,771,1447,1314,1331
DSD1,1620,1472,1360,2457,2739,2492,3025,2102,2620
DSE1,978,707,502,784,803,609,924,571,620
DSE2,1576,1030,891,1246,996,980,1678,1128,1268
DSE3,1334,1124,902,903,1063,729,1266,1072,907
DSE4,1815,1194,1239,975,1315,1021,1213,1003,780
DSF1,1684,1417,1333,2876,2851,2381,4036,3076,2924
DSF2,977,832,845,656,558,444,771,617,637
DSK2,2808,2026,1819,5389,5022,5270,9191,4869,7720
DSL1,2508,2457,2311,1320,1662,1165,1647,1803,1358
DSN1,216,311,92,408,282,374,784,584,847
DSS1,1237,1495,1124,466,719,662,586,602,556
DSS4,1259,1150,1086,1178,1144,875,1078,1331,1122
DST1,579,597,562,823,940,729,1334,1202,1351
DTD1,239,250,380,140,161,170,225,261,196
DTR1,215,204,126,198,254,129,268,134,260
DUF1,3389,3688,3617,3219,3174,2974,4635,3688,3240
DUG1,4024,3820,3667,6437,7046,6260,11323,8535,8704
DUG2,1547,1111,999,390,613,537,937,630,643
DUG3,392,423,371,1027,1017,789,1690,933,1228
DUN1,427,414,209,544,436,384,620,453,536
DUO1,1129,1240,1272,221,229,265,447,427,331
"DUR1,2",14900,15464,13510,4621,4815,3972,5607,4805,4392
DUR3,2302,1875,1270,2983,3627,2707,4032,2749,2691
DUS1,667,563,595,387,428,373,379,274,234
DUS3,2968,3023,2659,1583,1735,1694,1918,1931,1620
DUS4,2871,2929,2708,1174,1500,1181,1330,1191,925
DUT1,2876,3598,2980,937,795,969,1163,1141,1041
DXO1,2316,1923,1828,2034,1724,1559,2163,1688,1697
DYN1,4737,5601,4584,2458,2826,2237,3605,3281,3143
DYN2,1407,1582,1924,894,744,697,950,1182,697
DYN3,985,1086,941,932,920,782,863,765,759
DYS1,3296,4021,4115,1000,1333,1201,1218,1336,1025
EAF1,1063,634,616,1031,1248,1063,1262,876,1031
EAF3,6226,7988,7457,11092,9989,8891,12622,11322,10190
EAF5,562,399,587,306,435,356,577,339,496
EAF6,1094,1178,1067,694,1044,841,1011,854,981
EAF7,1305,923,1120,330,435,575,714,637,699
EAP1,597,612,589,316,610,513,912,516,589
EAR1,3056,2380,1944,4762,4228,3294,6497,5112,5069
EAT1,1198,904,1090,1408,1668,1235,1819,1539,1285
EBP2,1686,2399,2343,842,839,715,707,631,554
EBS1,2799,1907,1808,3348,3959,2890,5166,3669,4158
ECI1,880,848,530,2138,2325,2198,2447,1999,1844
ECL1,719,713,584,1436,1286,1013,2139,1472,1689
ECM1,473,725,695,579,409,389,386,385,366
ECM10,1106,1101,876,1700,1238,1224,1778,1365,1369
ECM11,19,42,32,63,87,21,111,137,106
ECM12,239,195,245,223,451,263,643,498,383
ECM13,716,592,517,1113,889,1119,1220,735,998
ECM14,2010,1821,1489,2386,2752,2684,3785,2987,2858
ECM15,3768,4992,4828,2261,2929,2782,2485,2555,2333
ECM16,914,701,725,490,457,530,715,515,528
ECM18,432,404,364,696,635,455,830,425,621
ECM19,668,634,464,330,433,356,473,383,405
ECM2,451,163,174,628,464,370,849,396,583
ECM21,2750,2699,2896,3991,5637,4779,5350,5037,4453
ECM22,1148,1402,1024,2415,2693,2314,2565,1800,1899
ECM23,9,0,0,121,34,52,97,70,42
ECM25,701,502,488,565,708,609,925,749,829
ECM27,609,637,522,926,1125,902,1028,678,819
ECM29,2492,2992,3177,1065,1179,1109,1479,1401,1034
ECM3,1000,652,558,901,1216,938,1963,1057,1486
ECM30,1241,1335,1020,1139,1158,1058,1413,1183,959
ECM31,567,535,421,440,676,449,692,656,631
ECM32,3482,3147,2948,3067,3195,3078,3811,3297,3138
ECM33,19091,18987,16763,8750,8976,7393,11876,8550,8503
ECM34,2030,1249,1073,2443,2669,2261,2401,1769,1650
ECM38,3106,3400,2895,5164,5116,4737,6431,5570,4576
ECM4,883,775,547,4779,4357,3836,4937,3791,3917
ECM5,4847,5865,5029,4691,5193,4014,4686,4358,3683
ECM7,1006,812,623,1012,1254,883,1172,829,940
ECM8,598,536,557,917,1040,933,1449,1023,943
ECM9,485,764,394,542,801,540,798,697,720
ECO1,464,415,350,186,219,141,348,275,296
ECT1,3432,3967,4401,2847,3327,2872,3961,3482,3175
EDC1,116,30,24,144,154,121,284,297,255
EDC2,981,1205,998,2463,2580,2052,1965,1939,1752
EDC3,2571,3146,2261,1793,2038,1736,2496,2126,1731
EDE1,6645,6928,5535,5138,5660,4680,6787,5443,5784
EDS1,2484,1905,1833,1751,2410,1762,3380,2752,2873
EEB1,2416,2244,2523,2483,2862,2485,5417,4085,4383
EFB1,19758,20825,17718,17359,16662,13046,17077,14479,14047
EFG1,611,659,408,113,144,336,413,148,71
EFM1,1724,1808,1585,2021,2320,1484,2045,1786,1897
EFM2,1116,1391,1535,562,850,718,1018,1024,747
EFM3,78,109,69,185,149,123,201,179,81
EFM4,623,887,652,614,811,706,681,788,698
EFM5,370,507,353,227,215,231,249,249,215
EFM6,357,344,251,181,183,205,247,179,169
EFR3,2539,2586,2610,1120,1176,1075,1661,1319,1075
EFT1,20389,24947,23152,11705,11142,9776,12283,11762,9903
EFT2,24159,24702,22106,13213,14457,12328,13130,11094,9965
EGD1,3752,4544,3720,2396,2849,2494,2795,2460,2251
EGD2,5610,7012,6909,5266,5695,5309,5615,5741,4934
EGH1,914,639,416,759,619,566,1018,695,914
EGO2,597,738,751,216,338,301,294,266,255
EGO4,955,928,593,3474,3385,3060,2359,1924,1742
EGT2,1353,860,649,523,948,814,1144,586,635
EHD3,1400,1660,1744,2083,1795,1640,1840,1973,1738
EHT1,2565,2246,1662,5537,5422,4975,12284,8105,8875
EIS1,6983,7055,6927,6111,6584,5867,9414,8277,8114
EKI1,2105,2497,2047,1173,1361,949,1584,1297,1053
ELA1,709,505,326,1155,975,672,1355,707,887
ELC1,494,496,548,238,399,430,379,377,320
ELF1,3619,3693,3971,1898,2187,1973,2532,2504,2342
ELG1,552,741,672,490,424,474,710,420,530
ELM1,1185,1784,1209,695,765,691,1098,831,937
ELO1,5426,4991,5023,1785,3172,2490,4099,3318,2954
ELO2,1824,1530,1196,808,820,703,806,554,559
ELO3,5712,5539,4287,1221,1427,880,1562,1276,1169
ELP2,2106,2372,2148,1480,1316,1340,1825,1646,1591
ELP3,1898,2445,1981,883,912,919,1003,860,780
ELP4,968,1061,1044,1455,1342,1324,1942,1658,1542
ELP6,249,126,234,405,354,270,458,243,270
EMA17,420,258,273,794,525,634,1018,803,745
EMA19,949,1152,845,967,1001,738,1020,869,779
EMA35,375,289,230,677,440,304,732,327,575
EMC1,1461,817,595,1565,1828,1231,2430,1297,1567
EMC10,2032,2276,2066,816,943,853,899,817,845
EMC2,1532,1474,1651,1301,1795,1264,1651,1265,1382
EMC3,2541,3168,2521,3030,3545,2754,4267,3537,3420
EMC4,1059,1189,1137,650,875,770,618,505,434
EMC5,979,1154,994,478,640,508,651,610,530
EMC6,1497,1324,1257,717,651,587,790,676,688
EMG1,1821,1933,1587,1102,1426,1223,1286,1161,942
EMI1,811,590,636,593,735,702,705,643,677
EMI2,6023,6669,6956,7211,6992,6452,11742,9903,9275
EMP24,3705,4458,3804,3052,3319,2839,3609,3485,2941
EMP46,941,656,823,759,718,519,1054,641,823
EMP47,809,253,293,796,732,770,1088,1055,988
EMP65,1205,1056,1193,926,1139,1051,1139,860,768
EMP70,2860,2644,2575,1215,1216,1245,1487,1127,986
EMT1,18,4,6,6,27,10,0,2,14
EMT2,19,28,0,4,10,12,29,9,35
EMT3,0,0,0,0,0,0,0,0,0
EMT4,0,16,0,21,11,5,6,10,11
EMT5,0,1,2,0,1,10,5,1,0
EMW1,2883,2777,2699,1305,1334,1205,1657,1154,1224
ENA1,2367,1947,1721,4195,4108,3603,4790,3205,3284
ENA2,3,1,1,11,5,5,13,2,4
ENA5,1475,1598,1328,1086,1132,984,1323,1180,957
ENB1,6558,6280,5432,8718,8974,8019,11763,9654,8682
END3,1566,1279,1187,677,762,593,1267,1296,1037
ENO1,35233,38420,36119,39653,46293,41335,39007,36368,31393
ENO2,36186,40522,35754,18143,21336,20033,20394,18304,16473
ENP1,1165,1276,1082,706,849,634,727,624,533
ENP2,1188,1304,920,610,537,607,606,541,421
ENT1,739,469,316,494,535,453,688,533,500
ENT2,1081,493,431,1355,1886,1458,2607,917,1936
ENT3,560,565,458,1568,1227,1002,1778,1247,1418
ENT4,430,247,96,858,553,479,817,375,588
ENT5,471,205,237,469,515,375,585,308,431
ENV11,649,670,487,484,535,471,801,589,514
ENV7,1136,1338,1229,1521,1390,1182,2148,1778,1531
ENV9,6096,6718,6175,5810,5913,5020,7997,7688,6526
EOS1,2276,1649,1474,2755,3462,2889,4175,2718,2838
EPL1,2994,2636,2144,6646,7043,5654,6759,5003,5041
EPO1,1799,2306,2214,1418,1443,1292,1778,1795,1470
EPS1,1245,1286,994,1606,1299,1092,1751,1281,1637
EPT1,607,788,588,499,471,407,620,412,438
ERB1,2997,2857,2855,1488,1385,1168,1226,1052,822
ERC1,1147,713,638,1817,1103,1157,1922,951,1319
ERD1,654,591,531,345,499,451,625,493,590
ERD2,1093,1158,1086,1463,1847,1483,1563,1639,1269
ERF2,1894,1899,1533,2620,2630,2353,3576,3064,2659
ERG1,4288,4122,3519,3746,3760,3406,3538,2767,2945
ERG10,7982,7514,6008,6100,6534,5981,7869,5991,6003
ERG11,1196,832,426,1654,1638,1281,1619,1013,1230
ERG12,1785,2154,1861,983,1078,955,1066,1097,862
ERG13,5062,4713,4067,2942,3442,2866,4686,3491,3629
ERG2,951,999,997,679,597,539,909,780,681
ERG20,4656,4833,4177,4473,5154,4423,4849,4196,3832
ERG24,2987,3168,3075,3720,4099,3392,3688,3198,2977
ERG25,1077,825,920,1622,1653,1324,1556,870,1079
ERG26,2881,3170,3332,1484,1622,1095,2180,2369,1719
ERG27,3954,4832,4234,3698,3862,3317,4348,4064,3535
ERG28,1074,1202,661,1256,1809,1675,1864,1136,1353
ERG29,318,155,156,310,281,273,372,319,331
ERG3,5160,3835,3085,5694,6317,5038,6613,3975,5011
ERG4,6067,5093,5178,2635,2781,2343,4330,3710,3465
ERG5,2042,1597,1447,1570,1893,1528,1519,1290,1160
ERG6,5959,6066,4996,5831,6122,6225,7681,6790,6406
ERG7,5010,4534,3887,4346,4811,4005,6962,4863,5073
ERG8,4253,5674,5753,2048,2994,2500,3684,3749,2959
ERG9,4251,3566,2647,6942,6637,5349,10534,7076,7704
ERI1,362,432,224,230,399,347,467,304,260
ERJ5,1052,1263,801,507,501,403,651,640,487
ERO1,834,982,839,2822,2753,2296,6242,4793,4917
ERP1,10739,12661,13229,2737,3203,2717,3763,4240,2847
ERP2,791,909,836,429,576,378,740,535,630
ERP3,476,547,339,369,417,394,714,704,568
ERP4,911,851,812,637,589,541,965,921,806
ERP5,5807,5867,6240,5959,7036,6193,6054,5605,5209
ERP6,1503,1417,1147,1688,2062,1627,2518,1894,1844
ERR1,12,3,33,141,60,60,151,109,119
ERR2,21,67,37,79,108,79,137,115,121
ERR3,62,108,56,254,160,187,211,244,208
ERS1,639,566,566,910,1020,773,1026,947,743
ERT1,1019,677,627,909,1005,757,1442,987,1030
ERV1,928,893,688,1106,1594,1354,1702,1730,1166
ERV14,1537,1502,1644,1588,1678,1380,2122,1838,1854
ERV15,186,98,110,154,188,151,255,150,169
ERV2,1421,1234,821,1408,1436,1271,1498,1253,1178
ERV25,5507,5718,5227,4521,4802,4140,5344,4814,4644
ERV29,1521,1543,1333,2705,3206,2565,2841,2190,2248
ERV41,4025,3732,2956,2531,2762,2604,3373,2720,2640
ERV46,4315,3955,3870,7590,6841,6126,10124,7774,8123
ESA1,1178,1067,864,1187,1025,1005,1332,1160,1037
ESBP6,10082,9135,7651,18560,19345,16590,24527,19278,19313
ESC1,864,785,550,617,490,553,1027,601,572
ESC2,831,619,440,828,803,526,1044,529,691
ESC8,1075,898,892,708,440,341,715,667,525
ESF1,7208,6459,5539,5784,5936,4832,4662,3792,3728
ESF2,246,309,222,254,322,240,583,453,343
ESL1,2393,1912,1758,1509,1570,1356,2369,2054,1675
ESL2,1058,1225,795,1898,2434,1971,3023,2112,2113
ESP1,1951,2398,1780,501,783,570,1064,972,731
ESS1,5318,4762,3746,7074,5446,5354,7563,7347,7196
EST1,1490,1100,1065,1746,1973,1645,2325,2055,1842
EST2,1221,823,834,547,837,668,743,486,532
EST3,830,971,816,723,1201,991,1182,1271,1029
ETP1,825,870,493,734,746,725,1023,916,808
ETR1,2061,2142,1769,10860,12632,10381,8758,7813,6846
ETS1-1,0,0,0,0,0,0,0,0,0
ETS1-2,0,0,0,0,0,0,0,0,0
ETS2-1,0,0,0,0,0,0,0,0,0
ETS2-2,0,0,0,0,0,0,0,0,0
ETT1,1294,1220,1168,382,468,351,453,229,346
EUC1,294,167,210,285,443,300,752,450,516
EUG1,1134,924,704,2106,2962,2118,6067,3768,4167
EXG1,6599,6032,5194,3776,3717,3244,3685,3042,2841
EXG2,3069,2597,1976,2260,2858,2228,3963,2949,3193
EXO1,1090,967,845,959,1300,1046,1618,1438,1093
EXO5,3710,3175,2786,2784,2902,2569,3493,2496,2669
EXO70,448,508,496,327,408,247,443,278,431
EXO84,663,630,835,789,804,688,1051,916,940
EXP1,389,697,482,478,387,463,444,450,499
FAA1,4116,4017,3396,10304,10839,8859,15467,10135,11538
FAA2,1885,1599,1162,6488,7136,5755,7226,5458,5580
FAA3,2923,2025,1951,3813,4148,3858,3852,2858,2978
FAA4,6249,6033,5191,6815,7136,7097,6762,5245,5692
FAB1,1669,1317,1417,1368,1041,1018,1795,1440,1421
FAD1,1381,1500,1258,1708,1703,1499,2239,2307,1878
FAF1,259,162,126,201,191,126,269,184,288
FAL1,283,151,176,207,236,258,427,395,393
FAP1,1424,1608,1684,1371,1120,1036,1387,1120,1253
FAP7,795,819,853,356,504,496,520,546,415
FAR1,31133,32419,31756,4552,4800,4397,4920,4287,3904
FAR10,149,125,80,83,119,179,335,237,295
FAR11,1885,1612,1343,1768,1992,1685,2382,1924,1984
FAR3,315,334,260,484,536,404,705,542,338
FAR7,87,276,83,249,190,215,406,343,200
FAR8,1283,1663,1057,1408,1570,1138,1684,1691,1510
FAS1,22294,26548,25054,14071,16544,13741,17436,14901,12872
FAS2,21581,21684,21228,8896,10070,9740,10588,9646,8667
FAT1,2133,2133,2124,1355,1270,1024,1907,1506,1549
FAT3,1803,1050,988,6719,8011,6927,8650,5340,6324
FAU1,510,489,545,573,601,583,550,574,475
FBA1,31552,35139,36798,46375,46645,41207,49051,47142,40948
FBP1,1872,1858,1454,9565,11747,9875,15711,14107,12273
FBP26,1208,1307,1153,1452,2451,1941,2577,2424,2020
FCF1,1672,1871,1745,615,796,651,661,625,426
FCF2,1536,1763,1734,544,484,560,437,383,410
FCP1,1078,1045,900,1107,1187,969,1732,1406,1434
FCY1,3390,4047,3717,2468,2859,2425,3707,4153,2828
FCY2,6398,5268,4723,5048,5708,5319,3828,2895,3091
FCY21,1663,1641,1484,1762,1691,1233,1956,1340,1481
FCY22,868,757,751,627,650,427,948,1228,762
FDC1,2768,3156,3039,2028,2400,2000,2650,2526,2500
FDH1,88,58,208,4496,3768,3240,2589,2517,1948
FDH2,454,488,389,19127,15696,14642,15634,15244,12683
FDO1,699,463,620,338,276,256,436,246,349
FEN2,2096,1267,1294,1885,2156,1756,2645,1731,1904
FES1,3609,3430,3441,2598,3268,3077,4284,3608,3475
FET3,15625,17056,13619,28519,30493,25998,40725,30703,30271
FET4,8548,7482,6399,5393,6059,5135,7075,5404,5593
FET5,1449,1808,1219,1573,1629,1541,2600,2155,2224
FEX1,216,241,321,168,251,214,296,304,190
FEX2,190,154,109,230,172,115,167,183,161
FHL1,1945,1980,2169,1409,1225,1172,1500,1196,1334
FHN1,271,248,245,630,683,684,1216,976,843
FIG1,145,150,401,142,103,119,144,148,114
FIG2,1147,938,803,906,935,704,1170,781,726
FIG4,1283,1595,1283,792,1091,905,1387,1091,883
FIN1,510,563,522,510,429,391,660,679,457
FIP1,747,458,443,546,763,637,970,553,838
FIR1,496,405,283,573,519,462,698,427,462
FIS1,513,684,605,1200,1190,1064,1543,1364,1352
FIT1,2169,1791,1280,1948,1919,1822,2621,2024,2033
FIT2,428,481,443,772,1231,1257,1157,1138,891
FIT3,32087,27593,23555,102124,112758,104232,173162,146418,132751
FKH1,552,680,730,557,628,593,638,582,577
FKH2,980,641,630,1253,1292,892,1459,1010,1118
FKS1,11797,9089,7327,4511,4771,4101,6170,3810,4858
FKS3,1844,1904,1133,1246,1297,1017,1980,1275,1271
FLC1,11350,9595,7923,9205,10359,9409,11794,8907,8894
FLC2,857,502,417,2539,2242,2276,2979,1618,1875
FLC3,1002,907,633,1048,992,887,1207,770,846
FLO1,1745,1721,1157,1431,1518,1282,1594,1246,1342
FLO10,1152,602,589,1345,1461,1295,2173,1449,1637
FLO11,288,252,238,480,400,453,565,276,451
FLO5,4414,3913,3445,3208,3906,3002,4276,3185,3078
FLO8,3409,2997,2730,2101,1795,1610,2479,2288,2033
FLO9,2230,2437,1758,2768,3182,2669,3248,3206,2808
FLR1,8383,7192,6496,6214,7815,6769,10004,8395,7166
FLX1,761,744,837,384,526,467,464,429,290
FMC1,447,542,485,129,116,209,265,163,200
FMN1,1048,1043,960,1035,1263,969,1430,1226,1179
FMO1,947,1046,1069,933,1190,991,1829,1668,1399
FMP10,845,1086,751,676,720,799,1044,971,876
FMP16,674,725,598,4549,6036,4791,3946,3522,3253
FMP23,168,113,212,622,687,593,418,417,270
FMP25,2693,2643,1989,2176,1947,1658,2329,2204,1967
FMP27,2078,1895,1540,1632,1978,1557,2091,1749,1607
FMP30,1254,983,850,816,765,592,1041,707,894
FMP32,434,664,508,325,226,211,338,337,352
FMP33,671,544,659,1137,1250,1154,1806,1343,1515
FMP40,1163,1078,969,8974,8527,7107,9544,6787,7447
FMP41,853,821,816,1284,1423,1342,1489,1256,1028
FMP42,778,524,359,729,817,751,1124,673,828
FMP45,831,409,321,6006,5409,4786,8196,4251,6087
FMP46,976,583,726,7035,6694,6092,8168,6461,6513
FMP48,393,549,188,3657,4588,3609,5548,4323,4168
FMP49,0,0,0,0,0,0,0,0,0
FMP52,4074,3379,3239,12465,10259,8508,13215,10396,11223
FMS1,1741,2124,1632,2445,2673,2145,2836,2425,1924
FMT1,121,19,41,212,128,121,269,127,138
FOB1,692,797,687,1087,1419,903,1139,831,814
FOL1,2154,2196,2026,1226,1238,1063,1368,1104,934
FOL2,4623,5041,4602,5571,5495,4450,5786,5586,4635
FOL3,810,978,990,537,422,444,713,617,614
FOX2,2061,1741,1638,9077,9924,8598,12252,8773,9082
FPK1,710,507,472,794,1170,853,1816,1345,1219
FPR1,11303,14272,12239,4139,5557,4671,4728,5082,3851
FPR2,1679,1678,1307,918,839,743,898,881,682
FPR3,4675,5494,4789,3143,2933,2699,3484,3591,2708
FPR4,2060,2896,2087,340,522,549,608,593,584
FPS1,4939,5045,4225,5213,5410,4819,7454,6738,6035
FPY1,1055,1285,1040,1012,1589,1292,1951,1676,1351
FRA1,3747,3626,3631,4102,4052,3987,5803,4730,4823
FRD1,2008,2463,2207,4323,4135,3369,10131,8909,8272
FRE1,13116,16266,13249,4164,4656,4181,3457,3051,2706
FRE2,3923,4033,3886,3107,3282,2728,5080,4630,3883
FRE3,3624,3872,3189,3230,3935,2966,5968,4636,4270
FRE4,1496,1624,1322,1945,2184,1991,2392,1933,1791
FRE5,1698,833,675,2106,2159,2008,3444,1493,2165
FRE6,7200,6954,5702,7239,8270,6636,8586,6001,6222
FRE7,10078,9100,8705,1886,2434,2184,2539,1747,1716
FRE8,937,324,382,906,769,587,1082,640,907
FRK1,459,317,305,784,583,498,662,486,457
FRM2,179,188,163,235,151,140,320,173,173
FRQ1,1419,2255,1806,572,697,409,709,836,747
FRS1,1582,1812,1604,823,1276,1215,1875,1425,1538
FRS2,4083,3906,3690,3718,3699,3471,5746,4215,4795
FRT1,1176,1209,789,1828,2179,1705,2618,1759,1717
FRT2,873,747,874,2400,2282,2073,3508,2761,2526
FSF1,2000,2513,2086,2613,2319,1957,2951,2275,2109
FSH1,2259,2291,2081,2481,2322,1877,3069,2543,2310
FSH2,1309,946,685,1752,1324,1405,2133,1774,1548
FSH3,458,708,571,311,338,295,397,386,426
FTH1,2066,1908,1355,2175,2408,2411,3147,2213,2110
FTR1,4364,3165,2609,6127,6692,6403,8434,6270,6060
FUB1,3811,4660,4253,3713,3671,3377,3264,3061,2956
FUI1,5063,4382,3595,6052,6023,5312,6953,4940,5301
FUM1,10975,13058,11531,13728,14683,12054,19784,18458,16127
FUN12,8979,9563,9311,2816,3961,3705,4615,4267,3685
FUN14,785,782,780,891,1041,802,948,905,724
FUN19,2433,2080,1831,3141,3293,3126,4773,3566,3373
FUN26,1890,1418,973,1395,1629,1612,1899,1215,1503
FUN30,853,1034,920,431,382,441,461,510,437
FUR1,1459,1126,1030,765,816,814,1285,1175,1026
FUR4,7063,5661,4603,4576,5167,4730,5223,4186,3878
FUS1,1231,1292,1493,796,1042,708,978,622,716
FUS2,646,839,821,290,380,364,467,440,422
FUS3,611,660,333,953,1004,883,1430,1200,1141
FYV10,469,483,339,973,1057,927,1382,1143,925
FYV12,16,7,24,17,6,39,62,49,50
FYV4,297,297,318,175,113,134,288,307,173
FYV5,92,39,41,6,21,18,18,32,7
FYV6,125,271,269,467,326,275,410,357,320
FYV7,1133,1014,834,294,283,257,338,330,375
FYV8,1489,1371,1286,1070,1279,1173,1351,1063,1093
FZF1,750,482,721,1154,941,950,1122,696,849
FZO1,1258,1593,1137,978,1336,1094,1490,1176,1164
GAA1,1964,1737,1754,1247,1033,923,1303,1147,1068
GAB1,830,870,698,609,661,522,620,576,489
GAC1,1405,974,696,2796,3142,3017,3090,1855,2158
GAD1,3132,2878,3012,8029,7974,7731,12208,11050,9742
GAL1,96677,101786,94417,42448,41195,33516,83191,65404,66315
GAL10,166798,194501,181953,56503,54590,45846,108652,80072,83870
GAL11,1133,990,937,1080,1496,1599,1948,1435,1535
GAL2,78287,61308,48882,56243,60305,52596,92229,54155,66470
GAL3,7632,7700,6532,5986,5686,4794,12597,7588,9084
GAL4,2802,2205,1944,3284,4182,3378,4208,3132,3008
GAL7,46935,50221,47135,24562,27098,22670,50900,42389,40236
GAL80,28867,27018,23181,28460,29651,25209,52309,39816,39460
GAL83,597,864,387,1117,1150,920,1794,987,1215
GAP1,4852,5525,4545,12318,12157,12361,15728,13825,11570
GAR1,5831,6397,5768,1367,1359,1417,1326,1025,1226
GAS1,26863,25346,21771,5055,5666,4479,8349,7367,6776
GAS2,1959,1343,1371,1574,1891,1384,2002,1239,1186
GAS3,1555,1431,884,818,844,573,902,663,805
GAS4,601,601,781,823,684,540,981,945,726
GAS5,4590,4187,3519,2948,3043,2815,4943,2963,3665
GAT1,1313,1522,941,2527,2707,2503,3770,2586,2951
GAT2,346,240,261,1118,859,1020,1352,893,1096
GAT3,33,11,29,39,41,16,59,18,25
GAT4,82,25,88,73,95,29,155,198,88
GBP2,15374,15993,15381,11366,11923,10463,14787,14013,12985
GCD1,3453,3868,3629,1751,1893,1511,2826,2292,2161
GCD10,882,996,884,873,790,1026,1137,858,875
GCD11,2394,2201,2097,2935,2986,2216,4118,3508,3441
GCD14,2216,2299,2305,1162,1286,1148,1346,1269,1158
GCD2,705,840,674,439,636,509,815,571,575
GCD6,2393,2632,2353,1439,1267,1368,1597,1377,1373
GCD7,1443,1445,1213,892,838,794,1108,880,670
GCG1,1487,1571,1472,1260,1436,1299,2556,2583,2410
GCN1,11469,12891,11709,2681,3048,2896,4275,4038,3671
GCN2,2960,3139,3084,1942,2112,1720,2888,2798,2529
GCN20,3675,2965,2765,1585,1886,1830,2615,1832,1626
GCN3,1367,1106,1130,656,860,729,1404,933,1159
GCN4,157906,169194,150919,146131,165458,129077,130950,129362,103848
GCN5,2044,2313,2002,1333,1879,1597,2271,2015,1778
GCR1,4205,4173,3376,4416,4256,3327,5676,4069,4837
GCR2,2405,2796,2619,2401,2233,1973,2752,2467,2261
GCS1,1801,1676,1206,1466,1417,1094,1948,1601,1392
GCV1,2016,2003,1550,2491,3545,3004,3357,2625,2620
GCV2,1472,1091,1209,2544,3272,2732,2780,2308,2111
GCV3,2580,2519,2893,5466,6962,6031,4860,4746,4154
GCY1,22356,29037,27944,11082,12279,10103,16144,14154,13282
GDA1,5356,5436,5524,2660,3370,2982,3715,2978,3018
GDB1,1928,1852,1821,5874,6148,4972,9217,6461,7250
GDE1,2807,2734,2757,1289,1763,1533,2321,1843,2184
GDH1,23244,26958,25627,8647,9452,7596,17272,14635,13194
GDH2,8771,9437,7975,14924,18573,16322,25956,23773,20827
GDH3,8110,7054,5515,22275,20971,17551,25025,21390,21081
GDI1,989,1034,902,2456,2243,1911,2481,1771,2077
GDS1,2915,1845,1752,2105,2492,2018,2115,1503,1676
GDT1,2220,1939,1782,1243,1236,1181,1255,987,941
GEA1,3133,3544,3054,1128,1179,920,1466,1245,1256
GEA2,2800,2668,2488,920,1114,875,1088,1015,974
GEF1,1576,1587,1326,1069,1098,980,1406,1214,1137
GEM1,608,206,227,899,872,561,983,656,781
GEP3,5371,5657,5466,3390,4142,3290,5486,4527,4382
GEP4,607,955,768,886,803,775,1019,1066,778
GEP5,1414,1411,1256,1664,1661,1530,2337,2034,2181
GEP7,377,381,280,300,299,327,475,309,254
GET1,2866,3361,3550,1092,1085,948,1283,1258,1081
GET2,2542,2182,1587,2731,2941,2689,3106,2349,2279
GET3,3039,2706,2605,2472,2912,2488,3136,2824,2533
GET4,724,716,1052,824,669,545,702,599,555
GEX1,1,26,18,21,26,5,8,1,4
GEX2,934,727,609,1076,882,920,924,599,664
GFA1,3592,3417,2824,1985,2587,2060,3520,2464,2912
GFD1,337,623,445,538,624,602,1242,847,927
GFD2,476,535,308,787,708,632,1098,760,791
GGA1,834,853,601,2653,2402,1745,4011,2454,3051
GGA2,2270,1920,1487,1039,1360,1049,1760,1231,1604
GGC1,2792,2833,2551,1753,1589,1187,2457,1965,1877
GIC1,950,675,548,558,750,650,935,788,621
GIC2,624,89,193,249,441,361,794,263,455
GID10,811,512,453,1442,1723,1501,1855,1591,1420
GID7,1850,1764,1286,3000,3438,2977,5794,3163,3846
GID8,3116,3110,2682,7965,8033,6857,12689,10546,10052
GIM3,864,836,1031,475,374,521,536,462,469
GIM4,670,728,684,187,347,227,406,311,230
GIM5,333,296,351,287,238,217,340,401,226
GIN4,4353,5193,4705,702,859,664,1540,1344,1166
GIP1,629,775,607,1526,1898,1452,1797,1745,1560
GIP2,618,627,470,2167,2106,2124,2883,2084,2258
GIP3,2131,1538,1272,1791,2103,1817,3088,2362,2462
GIP4,1323,1074,793,1313,1398,1180,2021,1125,1710
GIR2,2394,2585,2515,1297,1535,1269,1777,1857,1786
GIS1,917,873,433,1730,1814,1579,3018,2108,2184
GIS2,2455,2269,2239,1808,2256,2257,2258,1992,1964
GIS3,713,634,388,1224,1036,1119,2061,1588,1945
GIS4,850,1224,792,490,721,600,814,856,680
GIT1,337,424,326,348,445,434,682,630,620
GLC3,7745,7239,6059,32858,33759,28047,58341,49056,45754
GLC7,1140,1027,774,1131,952,1037,1367,1117,1196
GLC8,2281,2108,1780,1367,1517,1623,1625,1627,1357
GLD1,1147,1109,934,1156,1536,1337,1824,1784,1670
GLE1,2411,2092,1647,1453,1376,1513,2072,1496,1738
GLE2,2173,2001,1770,2205,2241,1657,2442,1842,2016
GLG1,2340,2486,2023,3629,4892,3756,6858,4382,4867
GLG2,568,271,196,870,980,731,1109,700,891
GLK1,27252,21377,19034,81714,83112,74522,109983,76973,81282
GLN1,7481,6903,5506,6132,6212,6121,6343,4370,3956
GLN3,530,675,353,720,1060,777,1078,798,865
GLN4,4130,4442,4594,1985,2440,1932,2626,2428,2041
GLO1,3286,4342,3010,4768,5618,4869,5557,5721,4435
GLO2,1673,1696,1654,1419,1545,1312,1884,1764,1299
GLO3,2817,3009,3040,1491,1848,1545,2133,2006,1674
GLO4,983,841,747,2301,2324,1960,2295,1995,2010
GLR1,10153,12946,11629,4016,4426,3923,5614,5780,4609
GLT1,8501,8749,8043,4383,4518,4462,5831,5482,4354
GLY1,5412,2472,1405,5183,4508,4298,7689,4344,5425
GMC1,915,693,593,1119,1369,1216,1425,1234,1151
GMC2,38,14,96,67,98,72,60,101,90
GMH1,575,436,343,540,700,615,729,533,615
GNA1,2126,3007,2607,1692,1632,1284,2096,2049,2149
GND1,4123,4109,3484,1877,1733,1492,2597,1998,2129
GND2,1468,993,948,7955,8747,7910,9725,7584,7932
GNP1,2135,1741,1412,2389,2462,2025,3157,2022,2539
GNT1,1230,1388,1147,1321,1386,1163,1543,1281,1266
GON7,884,1096,752,527,394,515,581,603,568
GOR1,1661,1876,1592,2183,2698,2188,4439,4272,3729
GOS1,609,422,290,898,880,712,853,684,703
GOT1,1533,1565,1315,921,851,758,888,935,888
GPA1,5692,6773,5602,2214,3140,2791,2510,2187,1896
GPA2,1726,1176,756,6755,6425,5916,10642,5742,7817
GPB1,1252,1880,1732,1975,1636,737,1632,1685,1526
GPB2,7799,7717,5935,6162,7181,6162,8030,6921,6664
GPC1,1042,979,834,1565,2078,1614,2229,1714,1607
GPD1,1751,1790,1049,6164,5828,5545,11215,8011,8820
GPD2,1146,844,510,3458,3452,2978,5741,3061,4592
GPG1,1219,1289,1238,5882,6631,5801,4450,4154,3591
GPH1,9852,10199,11385,15049,17104,14247,25148,22389,20545
GPI1,815,731,629,1153,1057,1157,1295,906,1019
GPI10,662,690,604,712,809,718,965,864,855
GPI11,1698,1817,1711,470,634,496,538,533,370
GPI12,550,590,484,585,683,640,915,816,682
GPI13,1480,1239,747,1336,1774,1255,1303,960,976
GPI14,1941,1636,1497,1227,1293,1200,1222,972,936
GPI15,780,1076,953,628,776,534,718,613,514
GPI16,5868,5131,5099,5734,6315,5122,7777,6156,5944
GPI17,2119,2292,1936,1452,1724,1532,2364,1930,1763
GPI18,1090,949,624,984,1232,1098,1527,1365,1190
GPI19,139,110,132,101,187,109,131,120,172
GPI2,371,298,224,581,566,506,631,470,483
GPI8,337,495,369,332,425,452,819,534,641
GPM1,32937,39128,34993,33566,36150,30833,28122,26588,22127
GPM2,663,755,765,521,745,596,946,789,621
GPM3,981,1204,1102,616,532,429,483,565,354
GPN2,2008,2178,2331,1686,1712,1517,2394,2311,1578
GPN3,583,746,620,563,598,462,567,432,454
GPP1,9722,11431,11728,8597,10710,9471,4005,3787,3375
GPP2,1007,1212,1011,1526,1676,1701,2526,1896,1889
GPR1,1839,1910,1820,1719,1840,1590,2296,1982,2021
GPT2,1972,2061,1407,3759,4210,3217,6202,4383,4799
GPX1,1215,1410,1529,3840,4139,3373,3862,3795,3294
GPX2,1907,2120,1883,589,733,569,736,676,603
GRC3,582,617,404,461,455,380,758,560,490
GRE1,4018,3565,3152,64670,64526,53785,26542,25560,21768
GRE2,1150,751,884,2774,2786,2279,4389,3160,3665
GRE3,2014,2296,1757,3188,3733,2877,5825,5179,4820
GRH1,6036,4163,2836,7351,7415,5932,11322,7483,8770
GRR1,1023,659,742,847,855,761,1273,811,951
GRS1,7032,7930,7958,2759,3036,2362,3174,2994,2727
GRS2,1486,1800,1430,1291,1186,789,1612,1413,1156
GRX1,2266,2627,2683,3412,3861,3269,3553,3433,2989
GRX2,3868,3834,3324,2927,3888,3352,3766,3458,3055
GRX3,1974,1956,1935,1204,1290,992,1320,1338,1237
GRX4,1702,1669,1200,1500,1503,1140,1905,1676,1485
GRX5,1894,1654,1880,1517,1374,1176,1760,1606,1267
GRX6,240,272,401,761,464,471,815,773,647
GRX7,1025,1186,1072,528,524,654,581,529,522
GRX8,705,644,635,479,391,353,516,424,317
GSC2,6999,6126,4513,12131,14133,13088,14153,10458,10640
GSF2,4135,4472,4100,5713,5301,4626,7572,6394,6240
GSH1,3504,2823,2661,2192,2432,1959,3909,2677,2653
GSH2,2470,3631,2486,1918,2098,1841,2604,2313,2202
GSM1,2044,1758,1397,2129,2173,1931,2319,1489,1771
GSP1,1386,1202,834,1424,1385,1371,1808,1413,1489
GSP2,625,721,527,2161,2384,1988,2675,2620,2098
GSY1,4412,4224,4067,9580,9768,8626,20175,16891,16557
GSY2,4314,3550,3677,7116,6846,5555,10953,9211,8969
GTB1,1583,1404,1470,837,894,1115,1201,1091,967
GTF1,1427,1487,1166,1753,2514,2313,2931,2469,2214
GTO1,1618,1467,1223,1642,1778,1295,1774,1397,1617
GTO3,445,400,281,1708,1602,1514,2046,1405,1740
GTR1,1689,1821,1758,1520,2037,1659,1661,1547,1451
GTR2,2214,2842,3142,1771,1960,1596,2105,2319,1817
GTS1,965,711,658,1556,1552,1391,2553,2006,1926
GTT1,4369,4593,4368,13329,12437,10930,10889,10169,8947
GTT2,2980,2493,2462,3810,4209,2932,5731,4811,4570
GTT3,1633,1103,895,1209,1098,955,1249,775,1014
GUA1,2803,2612,1695,2331,2558,2029,3029,1936,2395
GUD1,917,655,711,1006,1407,1035,1823,1325,1361
GUF1,748,531,419,398,329,362,442,383,348
GUK1,6775,7545,7420,2942,3864,3036,3782,3507,2683
GUP1,2480,2446,2098,1579,1997,1766,2272,1802,1627
GUP2,342,493,349,246,358,259,410,263,241
GUS1,4041,4408,4247,2819,3199,2722,3684,3139,3437
GUT1,14129,10654,9146,32676,28748,25247,36356,27114,29407
GUT2,3509,2532,1956,10287,9372,9371,13805,7249,10535
GVP36,7004,8873,8046,7800,7854,6677,8027,7885,6611
GWT1,1025,915,458,731,1038,678,1212,845,991
GYL1,777,715,1199,721,839,580,1191,975,843
GYP1,1583,1287,1117,1149,1126,1156,1675,1377,1371
GYP5,3115,3276,3210,2082,2371,1978,2978,2760,2437
GYP6,2648,2149,1421,4233,4243,3316,5411,3533,4272
GYP7,2016,2088,1839,4504,4869,4684,7480,5636,6466
GYP8,475,418,335,548,579,388,616,559,460
GZF3,556,501,408,685,583,674,844,447,621
HAA1,1153,752,1049,1835,2135,1955,2615,1530,2106
HAC1,16889,15939,15366,14029,13167,11891,18039,17791,14121
HAL1,1363,1255,1156,2217,2030,1947,3010,2304,2166
HAL5,2810,2622,2415,1739,1918,1577,3605,3070,2691
HAL9,1874,1964,1505,1566,2398,1845,2269,1971,1646
HAM1,1756,2012,1896,531,517,321,514,439,400
HAP1,6448,8011,6614,6527,6882,6121,7684,6662,5596
HAP2,375,315,346,356,597,503,881,670,646
HAP3,1479,2110,1612,938,1098,1049,1510,1487,1294
HAP4,1944,1140,1173,4439,4471,3573,6638,3453,4775
HAP5,1554,1108,1094,1681,1427,1119,2282,1905,1843
HAS1,1555,1297,1451,924,1026,1031,989,915,701
HAT1,436,522,500,338,359,376,410,359,417
HAT2,2375,2158,1890,2164,2371,2065,2830,2352,2180
HBN1,384,584,378,389,327,354,476,423,548
HBS1,1434,1723,1409,715,796,777,1146,1049,999
HBT1,1580,1138,776,4443,4597,4028,4897,3354,3811
HCA4,2392,2946,2311,1279,1483,1302,1297,940,919
HCH1,3551,3946,3531,6602,6474,5104,9962,8267,8250
HCM1,2249,1219,928,1557,1607,1272,2581,1656,1888
HCR1,4678,5859,5381,1828,1773,1585,2253,2262,2110
HCS1,2507,2194,1841,1087,1209,1154,1967,1774,1599
HDA1,1283,1273,1348,311,415,412,646,682,641
HDA2,353,397,271,287,342,316,664,444,480
HDA3,621,567,361,314,324,409,606,542,431
HED1,28,11,14,19,65,54,85,57,63
HEF3,1593,1384,1264,9232,10139,8602,8287,7181,6407
HEH2,2509,3064,3145,1693,1468,1458,2110,2169,1768
HEK2,1959,1754,1404,1898,1780,1518,2953,2544,2359
HEL1,2122,2458,2167,1473,1613,1495,2250,2301,1859
HEL2,766,809,717,1169,990,919,2314,1285,1576
HEM1,4845,4374,4183,5619,5906,5449,7605,5929,6136
HEM12,10929,11012,10561,5938,5484,4712,7714,5977,6454
HEM13,1029,703,752,1991,2204,1967,5498,3541,3798
HEM14,82,38,39,340,291,330,294,193,374
HEM15,769,657,657,715,710,685,703,318,507
HEM2,4601,4448,4229,3331,3476,3161,5978,5388,4752
HEM25,217,280,209,161,229,151,345,207,156
HEM3,692,520,388,843,751,529,1405,940,1106
HEM4,1223,1310,1339,920,949,788,1161,1332,928
HER1,6398,5359,5330,6172,6053,5612,8949,6870,6678
HER2,1102,1289,1266,688,701,526,1047,794,650
HES1,152,127,148,222,184,80,251,241,233
HFA1,1879,2139,1896,1023,1326,1236,1698,1508,1092
HFD1,2388,2132,1970,4797,5342,4693,6927,5697,5383
HFI1,2020,2236,2115,821,832,727,1044,973,929
HFL1,2961,2829,2767,2160,2362,2131,2591,2716,2047
HFM1,2194,1770,1415,1991,2364,1964,2189,1899,1864
HGH1,720,1060,982,327,393,393,321,270,309
HHF1,7705,6472,5705,4661,4251,3944,5884,5509,4399
HHF2,8346,9319,7481,2565,3071,2688,3852,3801,3100
HHO1,777,860,396,870,843,677,1078,795,991
HHT1,4159,4337,4098,2480,3760,3365,4869,4496,3257
HHT2,3315,3388,2961,3946,4237,3991,5542,4808,4214
HIF1,1274,1067,1300,1605,1426,1159,2112,2165,2122
HIM1,1017,797,759,1218,1184,1057,1524,966,1221
HIP1,2959,3066,2973,3292,2821,2766,4314,3372,3239
HIR1,1094,1163,1162,541,618,602,736,716,531
HIR2,1247,1204,936,1004,848,710,1119,978,906
HIR3,2460,2842,2871,709,923,853,1212,1240,1010
HIS1,4153,4468,3776,6686,7069,5694,6446,4854,5163
HIS2,1178,1428,1194,1232,1046,915,1268,1124,939
HIS3,1865,1559,1810,2014,1994,2070,2836,2712,2098
HIS4,2999,3263,2568,5495,5229,4321,8367,5565,6013
HIS5,3413,3239,3113,3340,3374,2651,4526,4006,3597
HIS6,725,777,918,373,439,408,340,395,368
HIS7,2816,3181,2840,1612,1964,1893,1765,1501,1176
HIT1,113,90,128,81,108,129,166,196,86
HKR1,1390,1263,724,995,1044,1176,1261,1078,981
HLJ1,641,564,577,608,671,688,912,744,797
HLR1,934,805,538,753,718,515,1306,1021,1061
HMF1,1851,2175,1886,1877,2404,2193,2070,1876,1444
HMG1,3472,2832,2325,4158,4009,3673,3737,2572,3150
HMG2,3689,3367,2994,4022,4129,3619,4269,3838,3042
HMI1,569,422,386,519,636,574,616,573,556
HMLALPHA1,18,11,3,0,1,3,9,0,0
HMLALPHA2,2,3,1,1,0,0,0,1,0
HMO1,4930,4697,4829,5402,5181,4258,6021,5384,5177
HMRA1,0,0,0,0,0,0,0,0,0
HMRA2,0,0,0,0,0,0,0,0,2
HMS1,770,603,618,3180,3354,3321,4191,2651,2643
HMS2,2031,870,673,4960,3982,3391,4905,1981,3239
HMT1,4287,4311,3612,1889,2100,1993,1488,1334,1178
HMX1,297,523,382,860,731,766,823,928,757
HNM1,4621,4892,5232,2068,2438,2024,2754,2474,2122
HNT1,5504,6375,5240,7859,9872,7967,9878,8512,7441
HNT2,1263,1514,885,1260,1434,993,1624,1511,1267
HNT3,311,539,300,150,426,428,298,232,322
HO,4913,4687,4605,545,762,731,1126,751,754
HOC1,1233,1061,810,1198,1391,1036,1909,1762,1584
HOF1,1145,955,858,899,808,650,1658,1257,1011
HOG1,2991,2692,2668,2805,2911,2332,4960,3759,4051
HOL1,4823,5769,5007,6009,6049,4743,8472,7729,6609
HOM2,2969,2957,3056,1566,1901,1753,1973,1850,1701
HOM3,1599,1429,1318,1777,2041,1698,2253,1674,1684
HOM6,3081,2902,2605,2970,3025,2505,3240,2547,2667
HOP1,812,657,883,1304,1296,1025,1244,870,958
HOP2,0,23,19,21,84,55,47,34,46
HOR7,10945,11270,10626,17897,15762,13646,13707,11754,11359
HOS1,1357,1447,1580,766,1042,867,1271,1137,1209
HOS2,434,552,375,484,415,398,689,681,733
HOS3,1700,1725,1364,1337,1544,1435,1909,1621,1586
HOS4,1514,1139,1212,1189,1827,1402,2623,1912,2362
HOT1,648,652,500,745,629,670,1085,805,896
HOT13,550,722,571,262,417,404,497,488,490
HPA2,185,59,33,631,346,426,425,129,258
HPA3,913,1084,1330,1702,2313,2000,1707,1691,1442
HPC2,1544,1378,1521,1028,1085,827,1278,1049,1055
HPF1,2162,894,1053,4098,3762,3166,4189,2138,3357
HPM1,664,652,611,494,545,423,776,729,683
HPR1,285,203,231,547,449,279,947,431,691
HPT1,2270,1972,1808,2760,2635,2366,3340,2487,2415
HRA1,0,11,0,12,3,8,5,17,24
HRB1,10156,11185,11232,5425,5795,5377,6646,6265,5120
HRD1,803,466,616,1165,1495,1196,2151,1498,1897
HRD3,1459,1278,969,1448,1219,1121,1969,994,1349
HRI1,2783,3212,3428,527,792,562,685,702,574
HRK1,1023,1514,1179,910,1131,1092,2013,1232,1398
HRP1,1360,1260,1073,2394,2304,1998,2800,2458,2259
HRQ1,3153,2934,2698,1955,1764,1550,2293,2042,1853
HRR25,720,467,423,1313,1463,1069,2451,861,1788
HRT1,824,705,647,928,954,777,1322,1322,1255
HRT3,1508,2215,1559,1613,1722,1411,2153,2306,1962
HSC82,27268,32057,28970,17415,18233,15014,27979,22092,22772
HSE1,1255,937,789,1864,1870,1462,2161,1189,1841
HSF1,3589,3655,3177,3946,4541,4028,6348,5113,5319
HSH155,914,1023,622,732,762,721,742,656,721
HSH49,833,733,575,728,921,696,1204,890,919
HSK3,229,174,172,135,153,101,129,144,101
HSL1,2688,2585,2161,834,1651,1447,2086,1808,1421
HSL7,4263,3984,3205,4720,4741,3978,5687,4436,4391
HSM3,1228,1404,1401,1050,1086,1103,1077,1171,1109
HSP10,5051,5694,4656,1922,2127,2145,3315,2781,2518
HSP104,23908,29513,29754,24097,25495,22073,29445,26601,23092
HSP12,10074,10985,11240,40966,45885,36565,30980,29338,25093
HSP150,7164,6680,5240,10725,9607,8704,11864,8392,9114
HSP26,4489,4976,5160,65643,98403,91532,43902,41975,34111
HSP30,1401,1438,1198,12425,13640,12411,18668,15315,14314
HSP31,5479,6803,6460,8371,8854,7362,11974,11462,9327
HSP32,141,146,29,949,786,724,1340,1026,928
HSP33,62,107,61,957,970,526,943,704,702
HSP42,3414,3415,3094,14905,15249,14175,25453,21491,21206
HSP60,21975,24037,23270,10817,13019,11144,19517,18481,15973
HSP78,3446,3764,3283,11007,10897,9276,19093,15349,15052
HSP82,10861,12425,11412,26158,25143,21286,44392,33568,34878
HST1,5890,6165,5014,5240,5860,5001,5765,4789,4652
HST2,8000,6761,5943,11091,10371,8615,13580,10749,11470
HST3,1208,989,632,1089,1076,1079,2134,1433,1237
HST4,306,368,218,216,330,308,280,308,270
HSV2,3922,4245,3879,5146,5409,5136,9345,7307,7582
HSX1,0,0,0,0,3,0,0,0,0
HTA1,22541,22725,17695,9453,9853,9233,10875,9734,8812
HTA2,7524,8455,7567,2233,2464,2070,3986,3925,3481
HTB1,26824,27832,25715,5353,6299,5894,7918,7764,6760
HTB2,9291,9546,8451,3494,3408,2844,3745,2843,2741
HTC1,3314,4093,3277,1639,1425,1260,2529,2529,2404
HTD2,790,704,398,673,952,537,952,623,779
HTL1,272,179,192,481,201,221,416,230,278
HTS1,7258,8119,7126,2648,2961,2345,3349,3259,2991
HTZ1,1272,1179,844,1544,1610,1460,2108,1561,1494
HUA1,1738,1077,1015,3058,2722,2303,3799,2657,3302
HUA2,669,902,560,775,764,676,1191,1047,1125
HUB1,1068,1258,1130,601,924,690,758,923,604
HUG1,34,36,129,115,247,196,224,300,235
HUL4,1105,1064,776,1495,1474,1387,1902,1380,1347
HUL5,1801,1670,1351,1355,1591,1318,1748,1533,1397
HUR1,1225,1685,1400,454,1474,1296,1008,1016,623
HUT1,2590,2883,2916,1684,1606,1454,2268,2088,1640
HVG1,467,84,176,703,603,498,861,545,539
HXK1,43296,46845,42276,28083,29402,26598,47245,38825,38583
HXK2,21542,24610,23375,7457,8602,8101,7870,7476,5679
HXT1,933,880,840,1943,1870,1759,3153,2353,2233
HXT10,198,343,217,1067,1120,1066,954,735,724
HXT11,441,330,279,693,622,485,477,501,490
HXT12,243,117,100,507,337,287,551,335,309
HXT13,92,49,107,417,476,526,754,656,705
HXT14,102,13,67,61,70,111,80,102,71
HXT15,537,338,339,549,469,394,612,282,433
HXT16,66,65,71,69,38,51,93,29,74
HXT17,293,219,91,366,410,226,501,360,334
HXT2,1110,1021,940,9479,11779,11222,13980,13405,11192
HXT3,2228,2092,1925,4241,4166,3587,7961,6738,5762
HXT4,1058,947,942,1680,1709,1277,3170,3204,2388
HXT5,2095,1552,1113,36386,36510,32371,48053,29610,35563
HXT6,6226,6249,5883,6643,9586,8211,14621,14946,10081
HXT7,13018,13273,11906,4657,6408,6146,8512,8548,6067
HXT8,230,67,56,135,109,104,220,140,139
HXT9,291,173,113,650,556,402,429,276,269
HYM1,899,729,587,902,1065,855,1242,1076,937
HYP2,7471,6350,5253,7491,7222,5888,8045,6193,6087
HYR1,8258,10157,8525,7211,9088,7660,6569,6816,5657
IAH1,928,954,1077,1173,1558,1102,1461,1036,1161
IAI11,455,355,342,514,411,411,597,603,551
IBA57,1238,922,907,1577,1831,1549,2004,1335,1486
IBD2,704,984,753,801,600,471,658,564,571
ICE2,1226,1150,982,2189,2203,1606,1759,1636,1437
ICL1,7552,5942,4469,13484,13172,11230,17720,13540,13572
ICL2,1669,1626,1506,5429,5305,4785,6809,5791,5295
ICP55,937,1151,958,943,888,822,1575,1320,1112
ICR1,2369,2359,2164,1817,1865,1495,1582,1433,1109
ICS2,1560,1836,1472,4072,4528,3696,3458,2907,2849
ICS3,3265,3379,2810,2072,2859,2514,2482,2444,1632
ICT1,2567,1540,1370,2661,2265,2072,3199,2256,2355
ICY1,514,436,258,1494,1952,1789,2553,1741,1728
IDH1,2945,2860,2535,3370,3614,2659,4949,3709,3992
IDH2,2809,2782,2234,3202,3411,2844,5726,4026,3957
IDI1,1536,1695,1612,2240,2514,2158,2107,1741,1706
IDP1,2819,3916,3781,3277,2970,2445,3965,4288,3481
IDP2,2818,2819,2360,11610,14487,13427,18321,18411,15892
IDP3,414,616,408,1158,1369,990,1786,1330,1430
IDS2,1364,1277,1235,1325,1292,1172,1804,1642,1326
IES1,847,895,603,1251,1200,1091,1688,1184,1577
IES2,3197,3614,3531,2025,1887,1658,2448,2222,1907
IES3,956,812,545,735,918,710,1083,656,844
IES4,372,414,353,131,144,156,162,177,128
IES5,562,610,522,591,744,645,854,1170,849
IES6,2373,2339,1965,3269,3440,3213,4470,3771,3596
IFA38,1245,1142,772,800,877,671,1173,943,723
IFH1,1557,1471,1116,692,716,797,461,425,478
IFM1,929,1066,798,417,449,310,555,413,458
IGD1,2935,2339,1489,12323,12698,12554,21769,15703,17142
IGO1,4458,5108,4304,3609,4403,4086,5724,5749,4834
IGO2,1515,1602,1353,2350,3121,2716,3362,3271,2822
IKI1,773,709,666,684,1026,852,1087,825,761
IKI3,9288,11604,10104,6647,7010,5230,7672,7279,6335
IKS1,1413,1275,970,1685,1680,1660,2510,1965,1955
ILM1,2553,3422,3212,594,786,703,908,858,570
ILS1,9411,9976,8700,3147,4069,3847,4654,3745,3838
ILT1,655,665,494,1648,1629,1339,2078,1456,1763
ILV1,3390,3073,2687,2223,2494,2135,2716,1733,1714
ILV2,1586,1394,1341,2276,2499,2096,3367,1837,2323
ILV3,3812,3015,2803,2441,2731,2267,3674,2843,2675
ILV5,32297,20865,17013,12063,11620,10992,19070,13136,13670
ILV6,5054,5077,5380,5075,5150,4836,7916,7222,6119
IMA1,538,566,819,869,863,782,1546,1296,1113
IMA2,486,645,500,1200,959,988,1900,1909,1529
IMA3,0,2,4,0,6,1,3,1,5
IMA4,0,2,0,0,1,0,1,2,1
IMA5,1483,1508,1165,695,692,504,1004,900,779
IMD2,1602,1409,1384,334,322,255,675,431,420
IMD3,3978,3553,3755,2815,3253,2527,2431,2017,1885
IMD4,12448,11549,10038,3361,3861,3476,6588,5437,4865
IME1,128,63,77,219,155,159,320,151,225
IME2,746,565,555,503,811,596,939,718,637
IME4,0,0,0,0,0,0,0,0,0
IMG1,4737,6768,6525,3043,3112,3093,4834,4578,3897
IMG2,853,656,516,301,365,349,385,454,357
IMH1,1052,1278,1210,635,693,497,704,640,635
IML1,1013,965,847,710,1047,850,1294,828,1012
IML2,2074,1871,1576,1350,1759,1449,2950,2784,2518
IML3,987,513,404,979,657,661,1277,923,981
IMO32,1809,2157,1801,2851,2046,2102,2841,1899,2272
IMP1,1404,1222,1251,1029,1385,1244,1798,1655,1619
IMP2,521,444,415,732,908,920,1070,894,864
